[0m21:33:28.045514 [debug] [MainThread]: Sending event: {'category': 'dbt', 'action': 'invocation', 'label': 'start', 'context': [<snowplow_tracker.self_describing_json.SelfDescribingJson object at 0x00000154602133D0>, <snowplow_tracker.self_describing_json.SelfDescribingJson object at 0x00000154602131D0>, <snowplow_tracker.self_describing_json.SelfDescribingJson object at 0x0000015460213D50>]}


============================== 21:33:28.059803 | 42fc9b0e-72e3-4cf4-b867-12096332f8e4 ==============================
[0m21:33:28.059803 [info ] [MainThread]: Running with dbt=1.7.19
[0m21:33:28.064066 [debug] [MainThread]: running dbt with arguments {'printer_width': '80', 'indirect_selection': 'eager', 'write_json': 'True', 'log_cache_events': 'False', 'partial_parse': 'True', 'cache_selected_only': 'False', 'warn_error': 'None', 'fail_fast': 'False', 'version_check': 'True', 'log_path': 'C:\\Users\\usuario\\Desktop\\Data Project\\citypulse_analytics\\transformation\\logs', 'profiles_dir': 'C:\\Users\\usuario\\.dbt', 'debug': 'False', 'use_colors': 'True', 'use_experimental_parser': 'False', 'no_print': 'None', 'quiet': 'False', 'log_format': 'default', 'introspect': 'True', 'invocation_command': 'dbt debug', 'warn_error_options': 'WarnErrorOptions(include=[], exclude=[])', 'target_path': 'None', 'static_parser': 'True', 'send_anonymous_usage_stats': 'True'}
[0m21:33:28.067461 [info ] [MainThread]: dbt version: 1.7.19
[0m21:33:28.070483 [info ] [MainThread]: python version: 3.11.9
[0m21:33:28.074003 [info ] [MainThread]: python path: C:\Users\usuario\Desktop\Data Project\venv\Scripts\python.exe
[0m21:33:28.077458 [info ] [MainThread]: os info: Windows-10-10.0.26200-SP0
[0m21:33:35.324511 [info ] [MainThread]: Using profiles dir at C:\Users\usuario\.dbt
[0m21:33:35.327535 [info ] [MainThread]: Using profiles.yml file at C:\Users\usuario\.dbt\profiles.yml
[0m21:33:35.329542 [info ] [MainThread]: Using dbt_project.yml file at C:\Users\usuario\Desktop\Data Project\citypulse_analytics\transformation\dbt_project.yml
[0m21:33:35.333669 [info ] [MainThread]: adapter type: bigquery
[0m21:33:35.335707 [info ] [MainThread]: adapter version: 1.7.0
[0m21:33:35.589491 [info ] [MainThread]: Configuration:
[0m21:33:35.591510 [info ] [MainThread]:   profiles.yml file [[32mOK found and valid[0m]
[0m21:33:35.594049 [info ] [MainThread]:   dbt_project.yml file [[32mOK found and valid[0m]
[0m21:33:35.596530 [info ] [MainThread]: Required dependencies:
[0m21:33:35.599571 [debug] [MainThread]: Executing "git --help"
[0m21:33:35.744979 [debug] [MainThread]: STDOUT: "b"usage: git [-v | --version] [-h | --help] [-C <path>] [-c <name>=<value>]\n           [--exec-path[=<path>]] [--html-path] [--man-path] [--info-path]\n           [-p | --paginate | -P | --no-pager] [--no-replace-objects] [--no-lazy-fetch]\n           [--no-optional-locks] [--no-advice] [--bare] [--git-dir=<path>]\n           [--work-tree=<path>] [--namespace=<name>] [--config-env=<name>=<envvar>]\n           <command> [<args>]\n\nThese are common Git commands used in various situations:\n\nstart a working area (see also: git help tutorial)\n   clone      Clone a repository into a new directory\n   init       Create an empty Git repository or reinitialize an existing one\n\nwork on the current change (see also: git help everyday)\n   add        Add file contents to the index\n   mv         Move or rename a file, a directory, or a symlink\n   restore    Restore working tree files\n   rm         Remove files from the working tree and from the index\n\nexamine the history and state (see also: git help revisions)\n   bisect     Use binary search to find the commit that introduced a bug\n   diff       Show changes between commits, commit and working tree, etc\n   grep       Print lines matching a pattern\n   log        Show commit logs\n   show       Show various types of objects\n   status     Show the working tree status\n\ngrow, mark and tweak your common history\n   backfill   Download missing objects in a partial clone\n   branch     List, create, or delete branches\n   commit     Record changes to the repository\n   merge      Join two or more development histories together\n   rebase     Reapply commits on top of another base tip\n   reset      Reset current HEAD to the specified state\n   switch     Switch branches\n   tag        Create, list, delete or verify a tag object signed with GPG\n\ncollaborate (see also: git help workflows)\n   fetch      Download objects and refs from another repository\n   pull       Fetch from and integrate with another repository or a local branch\n   push       Update remote refs along with associated objects\n\n'git help -a' and 'git help -g' list available subcommands and some\nconcept guides. See 'git help <command>' or 'git help <concept>'\nto read about a specific subcommand or concept.\nSee 'git help git' for an overview of the system.\n""
[0m21:33:35.747571 [debug] [MainThread]: STDERR: "b''"
[0m21:33:35.750572 [info ] [MainThread]:  - git [[32mOK found[0m]

[0m21:33:35.753088 [info ] [MainThread]: Connection:
[0m21:33:35.754653 [info ] [MainThread]:   method: oauth
[0m21:33:35.757057 [info ] [MainThread]:   database: project-6c4733db-2f24-496d-90f
[0m21:33:35.758292 [info ] [MainThread]:   execution_project: project-6c4733db-2f24-496d-90f
[0m21:33:35.760680 [info ] [MainThread]:   schema: citypulse_marts
[0m21:33:35.763732 [info ] [MainThread]:   location: us-central1
[0m21:33:35.765650 [info ] [MainThread]:   priority: None
[0m21:33:35.768940 [info ] [MainThread]:   maximum_bytes_billed: None
[0m21:33:35.771209 [info ] [MainThread]:   impersonate_service_account: None
[0m21:33:35.773748 [info ] [MainThread]:   job_retry_deadline_seconds: None
[0m21:33:35.775813 [info ] [MainThread]:   job_retries: 1
[0m21:33:35.779839 [info ] [MainThread]:   job_creation_timeout_seconds: None
[0m21:33:35.783881 [info ] [MainThread]:   job_execution_timeout_seconds: None
[0m21:33:35.786762 [info ] [MainThread]:   keyfile: None
[0m21:33:35.788783 [info ] [MainThread]:   timeout_seconds: None
[0m21:33:35.790887 [info ] [MainThread]:   refresh_token: None
[0m21:33:35.794036 [info ] [MainThread]:   client_id: None
[0m21:33:35.799849 [info ] [MainThread]:   token_uri: None
[0m21:33:35.802900 [info ] [MainThread]:   dataproc_region: None
[0m21:33:35.805517 [info ] [MainThread]:   dataproc_cluster_name: None
[0m21:33:35.807074 [info ] [MainThread]:   gcs_bucket: None
[0m21:33:35.810264 [info ] [MainThread]:   dataproc_batch: None
[0m21:33:35.815534 [info ] [MainThread]: Registered adapter: bigquery=1.7.0
[0m21:33:35.820128 [debug] [MainThread]: Acquiring new bigquery connection 'debug'
[0m21:33:35.822925 [debug] [MainThread]: Opening a new connection, currently in state init
[0m21:33:42.309843 [debug] [MainThread]: On debug: select 1 as id
[0m21:33:45.945953 [debug] [MainThread]: BigQuery adapter: https://console.cloud.google.com/bigquery?project=project-6c4733db-2f24-496d-90f&j=bq:us-central1:25d6094d-2143-4626-9e6a-62daa2f0ff8b&page=queryresults
[0m21:33:46.554532 [info ] [MainThread]:   Connection test: [[32mOK connection ok[0m]

[0m21:33:46.556834 [info ] [MainThread]: [32mAll checks passed![0m
[0m21:33:46.560339 [debug] [MainThread]: Command `dbt debug` succeeded at 21:33:46.560339 after 18.76 seconds
[0m21:33:46.563021 [debug] [MainThread]: Connection 'debug' was properly closed.
[0m21:33:46.564034 [debug] [MainThread]: Sending event: {'category': 'dbt', 'action': 'invocation', 'label': 'end', 'context': [<snowplow_tracker.self_describing_json.SelfDescribingJson object at 0x00000154602131D0>, <snowplow_tracker.self_describing_json.SelfDescribingJson object at 0x00000154726D0990>, <snowplow_tracker.self_describing_json.SelfDescribingJson object at 0x0000015460212D90>]}
[0m21:33:46.566191 [debug] [MainThread]: Flushing usage events
[0m21:45:38.313988 [debug] [MainThread]: Sending event: {'category': 'dbt', 'action': 'invocation', 'label': 'start', 'context': [<snowplow_tracker.self_describing_json.SelfDescribingJson object at 0x000001F5C4AB3850>, <snowplow_tracker.self_describing_json.SelfDescribingJson object at 0x000001F5C4A96BD0>, <snowplow_tracker.self_describing_json.SelfDescribingJson object at 0x000001F5C4AA4F90>]}


============================== 21:45:38.326208 | 741a4da7-fde7-4d5a-bfe5-1a51007ba473 ==============================
[0m21:45:38.326208 [info ] [MainThread]: Running with dbt=1.7.19
[0m21:45:38.326208 [debug] [MainThread]: running dbt with arguments {'printer_width': '80', 'indirect_selection': 'eager', 'write_json': 'True', 'log_cache_events': 'False', 'partial_parse': 'True', 'cache_selected_only': 'False', 'warn_error': 'None', 'fail_fast': 'False', 'version_check': 'True', 'log_path': 'C:\\Users\\usuario\\Desktop\\Data Project\\citypulse_analytics\\transformation\\logs', 'debug': 'False', 'profiles_dir': 'C:\\Users\\usuario\\.dbt', 'use_colors': 'True', 'use_experimental_parser': 'False', 'no_print': 'None', 'quiet': 'False', 'warn_error_options': 'WarnErrorOptions(include=[], exclude=[])', 'introspect': 'True', 'invocation_command': 'dbt run', 'log_format': 'default', 'target_path': 'None', 'static_parser': 'True', 'send_anonymous_usage_stats': 'True'}
[0m21:45:47.169778 [debug] [MainThread]: Sending event: {'category': 'dbt', 'action': 'project_id', 'label': '741a4da7-fde7-4d5a-bfe5-1a51007ba473', 'context': [<snowplow_tracker.self_describing_json.SelfDescribingJson object at 0x000001F5D70F8810>]}
[0m21:45:47.361716 [debug] [MainThread]: Sending event: {'category': 'dbt', 'action': 'adapter_info', 'label': '741a4da7-fde7-4d5a-bfe5-1a51007ba473', 'context': [<snowplow_tracker.self_describing_json.SelfDescribingJson object at 0x000001F5C4AA4D50>]}
[0m21:45:47.366846 [info ] [MainThread]: Registered adapter: bigquery=1.7.0
[0m21:45:47.399651 [debug] [MainThread]: checksum: a8d43cdff37d0f32d7fbe4c5c25bea4bb6c86e162f8ce8fdb1a38cdcf7495431, vars: {}, profile: , target: , version: 1.7.19
[0m21:45:47.406825 [info ] [MainThread]: Unable to do partial parsing because saved manifest not found. Starting full parse.
[0m21:45:47.409892 [debug] [MainThread]: Sending event: {'category': 'dbt', 'action': 'partial_parser', 'label': '741a4da7-fde7-4d5a-bfe5-1a51007ba473', 'context': [<snowplow_tracker.self_describing_json.SelfDescribingJson object at 0x000001F5D7184310>]}
[0m21:45:51.771554 [debug] [MainThread]: Sending event: {'category': 'dbt', 'action': 'load_project', 'label': '741a4da7-fde7-4d5a-bfe5-1a51007ba473', 'context': [<snowplow_tracker.self_describing_json.SelfDescribingJson object at 0x000001F5D718AB90>]}
[0m21:45:51.997076 [debug] [MainThread]: Sending event: {'category': 'dbt', 'action': 'resource_counts', 'label': '741a4da7-fde7-4d5a-bfe5-1a51007ba473', 'context': [<snowplow_tracker.self_describing_json.SelfDescribingJson object at 0x000001F5D6F4F450>]}
[0m21:45:51.999076 [info ] [MainThread]: Found 6 models, 13 tests, 3 sources, 0 exposures, 0 metrics, 447 macros, 0 groups, 0 semantic models
[0m21:45:52.002077 [debug] [MainThread]: Sending event: {'category': 'dbt', 'action': 'runnable_timing', 'label': '741a4da7-fde7-4d5a-bfe5-1a51007ba473', 'context': [<snowplow_tracker.self_describing_json.SelfDescribingJson object at 0x000001F5D6E55690>]}
[0m21:45:52.010723 [info ] [MainThread]: 
[0m21:45:52.014764 [debug] [MainThread]: Acquiring new bigquery connection 'master'
[0m21:45:52.023647 [debug] [ThreadPool]: Acquiring new bigquery connection 'list_project-6c4733db-2f24-496d-90f'
[0m21:45:52.027100 [debug] [ThreadPool]: Opening a new connection, currently in state init
[0m21:46:01.717705 [debug] [ThreadPool]: Opening a new connection, currently in state closed
[0m21:46:03.279419 [debug] [ThreadPool]: Re-using an available connection from the pool (formerly list_project-6c4733db-2f24-496d-90f, now create_project-6c4733db-2f24-496d-90f_citypulse_marts_citypulse_marts)
[0m21:46:03.284030 [debug] [ThreadPool]: Creating schema "database: "project-6c4733db-2f24-496d-90f"
schema: "citypulse_marts_citypulse_marts"
"
[0m21:46:03.338783 [debug] [ThreadPool]: Opening a new connection, currently in state closed
[0m21:46:03.343131 [debug] [ThreadPool]: On create_project-6c4733db-2f24-496d-90f_citypulse_marts_citypulse_marts: /* {"app": "dbt", "dbt_version": "1.7.19", "profile_name": "citypulse", "target_name": "dev", "connection_name": "create_project-6c4733db-2f24-496d-90f_citypulse_marts_citypulse_marts"} */
create schema if not exists `project-6c4733db-2f24-496d-90f`.`citypulse_marts_citypulse_marts`
  
[0m21:46:04.941469 [debug] [ThreadPool]: BigQuery adapter: https://console.cloud.google.com/bigquery?project=project-6c4733db-2f24-496d-90f&j=bq:us-central1:1c168c0d-382d-4f50-9799-d6454a79cbea&page=queryresults
[0m21:46:05.705095 [debug] [ThreadPool]: Re-using an available connection from the pool (formerly create_project-6c4733db-2f24-496d-90f_citypulse_marts_citypulse_marts, now create_project-6c4733db-2f24-496d-90f_citypulse_marts_citypulse_staging)
[0m21:46:05.709316 [debug] [ThreadPool]: Creating schema "database: "project-6c4733db-2f24-496d-90f"
schema: "citypulse_marts_citypulse_staging"
"
[0m21:46:05.717953 [debug] [ThreadPool]: Opening a new connection, currently in state closed
[0m21:46:05.719996 [debug] [ThreadPool]: On create_project-6c4733db-2f24-496d-90f_citypulse_marts_citypulse_staging: /* {"app": "dbt", "dbt_version": "1.7.19", "profile_name": "citypulse", "target_name": "dev", "connection_name": "create_project-6c4733db-2f24-496d-90f_citypulse_marts_citypulse_staging"} */
create schema if not exists `project-6c4733db-2f24-496d-90f`.`citypulse_marts_citypulse_staging`
  
[0m21:46:07.388694 [debug] [ThreadPool]: BigQuery adapter: https://console.cloud.google.com/bigquery?project=project-6c4733db-2f24-496d-90f&j=bq:us-central1:b94f029b-aa28-4e18-b507-58f97c330631&page=queryresults
[0m21:46:08.110124 [debug] [ThreadPool]: Acquiring new bigquery connection 'list_project-6c4733db-2f24-496d-90f_citypulse_marts_citypulse_marts'
[0m21:46:08.114492 [debug] [ThreadPool]: Opening a new connection, currently in state init
[0m21:46:09.866487 [debug] [ThreadPool]: Re-using an available connection from the pool (formerly list_project-6c4733db-2f24-496d-90f_citypulse_marts_citypulse_marts, now list_project-6c4733db-2f24-496d-90f_citypulse_marts_citypulse_staging)
[0m21:46:09.869993 [debug] [ThreadPool]: Opening a new connection, currently in state closed
[0m21:46:11.495014 [debug] [MainThread]: Sending event: {'category': 'dbt', 'action': 'runnable_timing', 'label': '741a4da7-fde7-4d5a-bfe5-1a51007ba473', 'context': [<snowplow_tracker.self_describing_json.SelfDescribingJson object at 0x000001F5D7507B50>]}
[0m21:46:11.498607 [info ] [MainThread]: Concurrency: 1 threads (target='dev')
[0m21:46:11.500880 [info ] [MainThread]: 
[0m21:46:11.519920 [debug] [Thread-1 (]: Began running node model.citypulse.stg_air_quality
[0m21:46:11.523006 [info ] [Thread-1 (]: 1 of 6 START sql view model citypulse_marts_citypulse_staging.stg_air_quality .. [RUN]
[0m21:46:11.527680 [debug] [Thread-1 (]: Acquiring new bigquery connection 'model.citypulse.stg_air_quality'
[0m21:46:11.530681 [debug] [Thread-1 (]: Began compiling node model.citypulse.stg_air_quality
[0m21:46:11.588596 [debug] [Thread-1 (]: Writing injected SQL for node "model.citypulse.stg_air_quality"
[0m21:46:11.605653 [debug] [Thread-1 (]: Timing info for model.citypulse.stg_air_quality (compile): 21:46:11.534898 => 21:46:11.604773
[0m21:46:11.613036 [debug] [Thread-1 (]: Began executing node model.citypulse.stg_air_quality
[0m21:46:11.706069 [debug] [Thread-1 (]: Writing runtime sql for node "model.citypulse.stg_air_quality"
[0m21:46:11.715093 [debug] [Thread-1 (]: Opening a new connection, currently in state init
[0m21:46:11.717671 [debug] [Thread-1 (]: On model.citypulse.stg_air_quality: /* {"app": "dbt", "dbt_version": "1.7.19", "profile_name": "citypulse", "target_name": "dev", "node_id": "model.citypulse.stg_air_quality"} */


  create or replace view `project-6c4733db-2f24-496d-90f`.`citypulse_marts_citypulse_staging`.`stg_air_quality`
  OPTIONS()
  as -- stg_air_quality.sql
-- Vista ligera sobre la tabla raw de calidad del aire.

with source as (
    select * from `project-6c4733db-2f24-496d-90f`.`citypulse_staging`.`air_quality`
),

staged as (
    select
        cast(timestamp as timestamp)        as timestamp,
        cast(date as date)                  as date,
        cast(pm2_5 as float64)              as pm2_5,
        cast(pm10 as float64)               as pm10,
        cast(ozone as float64)              as ozone,
        cast(us_aqi as int64)               as us_aqi,
        cast(aqi_category as string)        as aqi_category,
        cast(location as string)            as location
    from source
    where timestamp is not null
      and date is not null
)

select * from staged;


[0m21:46:13.795845 [debug] [Thread-1 (]: BigQuery adapter: https://console.cloud.google.com/bigquery?project=project-6c4733db-2f24-496d-90f&j=bq:us-central1:709fc11d-1045-40a1-955d-8357ad68eb6b&page=queryresults
[0m21:46:14.182851 [debug] [Thread-1 (]: BigQuery adapter: Retry attempt 1 of 1 after error: BadRequest('Invalid cast from INT64 to TIMESTAMP at [15:14]; reason: invalidQuery, location: query, message: Invalid cast from INT64 to TIMESTAMP at [15:14]')
[0m21:46:14.997591 [debug] [Thread-1 (]: BigQuery adapter: https://console.cloud.google.com/bigquery?project=project-6c4733db-2f24-496d-90f&j=bq:us-central1:c834557f-8389-4e7e-9a77-996f2b9221b4&page=queryresults
[0m21:46:15.395117 [error] [Thread-1 (]: BigQuery adapter: https://console.cloud.google.com/bigquery?project=project-6c4733db-2f24-496d-90f&j=bq:us-central1:c834557f-8389-4e7e-9a77-996f2b9221b4&page=queryresults
[0m21:46:15.399160 [debug] [Thread-1 (]: Timing info for model.citypulse.stg_air_quality (execute): 21:46:11.616172 => 21:46:15.397130
[0m21:46:15.473681 [debug] [Thread-1 (]: Database Error in model stg_air_quality (models\staging\stg_air_quality.sql)
  Invalid cast from INT64 to TIMESTAMP at [15:14]
  compiled Code at target\run\citypulse\models\staging\stg_air_quality.sql
[0m21:46:15.476740 [debug] [Thread-1 (]: Sending event: {'category': 'dbt', 'action': 'run_model', 'label': '741a4da7-fde7-4d5a-bfe5-1a51007ba473', 'context': [<snowplow_tracker.self_describing_json.SelfDescribingJson object at 0x000001F5D72CF610>]}
[0m21:46:15.481023 [error] [Thread-1 (]: 1 of 6 ERROR creating sql view model citypulse_marts_citypulse_staging.stg_air_quality  [[31mERROR[0m in 3.95s]
[0m21:46:15.484585 [debug] [Thread-1 (]: Finished running node model.citypulse.stg_air_quality
[0m21:46:15.486230 [debug] [Thread-1 (]: Began running node model.citypulse.stg_citibike
[0m21:46:15.490514 [info ] [Thread-1 (]: 2 of 6 START sql view model citypulse_marts_citypulse_staging.stg_citibike ..... [RUN]
[0m21:46:15.496470 [debug] [Thread-1 (]: Re-using an available connection from the pool (formerly model.citypulse.stg_air_quality, now model.citypulse.stg_citibike)
[0m21:46:15.500073 [debug] [Thread-1 (]: Began compiling node model.citypulse.stg_citibike
[0m21:46:15.518800 [debug] [Thread-1 (]: Writing injected SQL for node "model.citypulse.stg_citibike"
[0m21:46:15.523939 [debug] [Thread-1 (]: Timing info for model.citypulse.stg_citibike (compile): 21:46:15.501086 => 21:46:15.522892
[0m21:46:15.523939 [debug] [Thread-1 (]: Began executing node model.citypulse.stg_citibike
[0m21:46:15.543792 [debug] [Thread-1 (]: Writing runtime sql for node "model.citypulse.stg_citibike"
[0m21:46:15.553025 [debug] [Thread-1 (]: Opening a new connection, currently in state closed
[0m21:46:15.555361 [debug] [Thread-1 (]: On model.citypulse.stg_citibike: /* {"app": "dbt", "dbt_version": "1.7.19", "profile_name": "citypulse", "target_name": "dev", "node_id": "model.citypulse.stg_citibike"} */


  create or replace view `project-6c4733db-2f24-496d-90f`.`citypulse_marts_citypulse_staging`.`stg_citibike`
  OPTIONS()
  as -- stg_citibike.sql
-- Vista ligera sobre la tabla raw de Citibike.

with source as (
    select * from `project-6c4733db-2f24-496d-90f`.`citypulse_staging`.`citibike`
),

staged as (
    select
        cast(ride_id as string)               as ride_id,
        cast(rideable_type as string)         as rideable_type,
        cast(started_at as timestamp)         as started_at,
        cast(ended_at as timestamp)           as ended_at,
        cast(start_station_name as string)    as start_station_name,
        cast(end_station_name as string)      as end_station_name,
        cast(start_lat as float64)            as start_lat,
        cast(start_lng as float64)            as start_lng,
        cast(end_lat as float64)              as end_lat,
        cast(end_lng as float64)              as end_lng,
        cast(member_casual as string)         as member_casual,
        cast(duration_minutes as float64)     as duration_minutes,
        cast(year as int64)                   as year,
        cast(month as int64)                  as month
    from source
    where started_at is not null
      and duration_minutes > 0
)

select * from staged;


[0m21:46:17.292231 [debug] [Thread-1 (]: BigQuery adapter: https://console.cloud.google.com/bigquery?project=project-6c4733db-2f24-496d-90f&j=bq:us-central1:21702429-cef5-4b1d-a0fb-e231144885ba&page=queryresults
[0m21:46:17.727187 [debug] [Thread-1 (]: BigQuery adapter: Retry attempt 1 of 1 after error: BadRequest('Invalid cast from INT64 to TIMESTAMP at [17:14]; reason: invalidQuery, location: query, message: Invalid cast from INT64 to TIMESTAMP at [17:14]')
[0m21:46:18.603971 [debug] [Thread-1 (]: BigQuery adapter: https://console.cloud.google.com/bigquery?project=project-6c4733db-2f24-496d-90f&j=bq:us-central1:ea384088-f93b-4cc7-9044-6e68685d3d2c&page=queryresults
[0m21:46:19.039501 [error] [Thread-1 (]: BigQuery adapter: https://console.cloud.google.com/bigquery?project=project-6c4733db-2f24-496d-90f&j=bq:us-central1:ea384088-f93b-4cc7-9044-6e68685d3d2c&page=queryresults
[0m21:46:19.044782 [debug] [Thread-1 (]: Timing info for model.citypulse.stg_citibike (execute): 21:46:15.523939 => 21:46:19.043398
[0m21:46:19.062111 [debug] [Thread-1 (]: Database Error in model stg_citibike (models\staging\stg_citibike.sql)
  Invalid cast from INT64 to TIMESTAMP at [17:14]
  compiled Code at target\run\citypulse\models\staging\stg_citibike.sql
[0m21:46:19.068808 [debug] [Thread-1 (]: Sending event: {'category': 'dbt', 'action': 'run_model', 'label': '741a4da7-fde7-4d5a-bfe5-1a51007ba473', 'context': [<snowplow_tracker.self_describing_json.SelfDescribingJson object at 0x000001F5D7659A10>]}
[0m21:46:19.075185 [error] [Thread-1 (]: 2 of 6 ERROR creating sql view model citypulse_marts_citypulse_staging.stg_citibike  [[31mERROR[0m in 3.58s]
[0m21:46:19.079550 [debug] [Thread-1 (]: Finished running node model.citypulse.stg_citibike
[0m21:46:19.083026 [debug] [Thread-1 (]: Began running node model.citypulse.stg_weather
[0m21:46:19.086403 [info ] [Thread-1 (]: 3 of 6 START sql view model citypulse_marts_citypulse_staging.stg_weather ...... [RUN]
[0m21:46:19.089701 [debug] [Thread-1 (]: Re-using an available connection from the pool (formerly model.citypulse.stg_citibike, now model.citypulse.stg_weather)
[0m21:46:19.091714 [debug] [Thread-1 (]: Began compiling node model.citypulse.stg_weather
[0m21:46:19.104929 [debug] [Thread-1 (]: Writing injected SQL for node "model.citypulse.stg_weather"
[0m21:46:19.110121 [debug] [Thread-1 (]: Timing info for model.citypulse.stg_weather (compile): 21:46:19.093230 => 21:46:19.109118
[0m21:46:19.112120 [debug] [Thread-1 (]: Began executing node model.citypulse.stg_weather
[0m21:46:19.126906 [debug] [Thread-1 (]: Writing runtime sql for node "model.citypulse.stg_weather"
[0m21:46:19.132835 [debug] [Thread-1 (]: Opening a new connection, currently in state closed
[0m21:46:19.136329 [debug] [Thread-1 (]: On model.citypulse.stg_weather: /* {"app": "dbt", "dbt_version": "1.7.19", "profile_name": "citypulse", "target_name": "dev", "node_id": "model.citypulse.stg_weather"} */


  create or replace view `project-6c4733db-2f24-496d-90f`.`citypulse_marts_citypulse_staging`.`stg_weather`
  OPTIONS()
  as -- stg_weather.sql
-- Vista ligera sobre la tabla raw de clima.
-- Responsabilidad: renombrar columnas, castear tipos y descartar
-- filas inválidas. Sin lógica de negocio.

with source as (
    select * from `project-6c4733db-2f24-496d-90f`.`citypulse_staging`.`weather`
),

staged as (
    select
        cast(timestamp as timestamp)    as timestamp,
        cast(date as date)              as date,
        cast(temperature_c as float64)  as temperature_c,
        cast(precipitation_mm as float64) as precipitation_mm,
        cast(wind_speed_kmh as float64) as wind_speed_kmh,
        cast(humidity_pct as float64)   as humidity_pct,
        cast(location as string)        as location
    from source
    where timestamp is not null
      and date is not null
)

select * from staged;


[0m21:46:20.812892 [debug] [Thread-1 (]: BigQuery adapter: https://console.cloud.google.com/bigquery?project=project-6c4733db-2f24-496d-90f&j=bq:us-central1:3977d1d8-e90f-4c0f-83cd-fe064ce6676e&page=queryresults
[0m21:46:21.185970 [debug] [Thread-1 (]: BigQuery adapter: Retry attempt 1 of 1 after error: BadRequest('Invalid cast from INT64 to TIMESTAMP at [17:14]; reason: invalidQuery, location: query, message: Invalid cast from INT64 to TIMESTAMP at [17:14]')
[0m21:46:22.218080 [debug] [Thread-1 (]: BigQuery adapter: https://console.cloud.google.com/bigquery?project=project-6c4733db-2f24-496d-90f&j=bq:us-central1:694dfc2b-88fc-4606-98bc-7bae23a3a37f&page=queryresults
[0m21:46:22.626189 [error] [Thread-1 (]: BigQuery adapter: https://console.cloud.google.com/bigquery?project=project-6c4733db-2f24-496d-90f&j=bq:us-central1:694dfc2b-88fc-4606-98bc-7bae23a3a37f&page=queryresults
[0m21:46:22.631237 [debug] [Thread-1 (]: Timing info for model.citypulse.stg_weather (execute): 21:46:19.116611 => 21:46:22.629236
[0m21:46:22.657569 [debug] [Thread-1 (]: Database Error in model stg_weather (models\staging\stg_weather.sql)
  Invalid cast from INT64 to TIMESTAMP at [17:14]
  compiled Code at target\run\citypulse\models\staging\stg_weather.sql
[0m21:46:22.664842 [debug] [Thread-1 (]: Sending event: {'category': 'dbt', 'action': 'run_model', 'label': '741a4da7-fde7-4d5a-bfe5-1a51007ba473', 'context': [<snowplow_tracker.self_describing_json.SelfDescribingJson object at 0x000001F5D7652450>]}
[0m21:46:22.672124 [error] [Thread-1 (]: 3 of 6 ERROR creating sql view model citypulse_marts_citypulse_staging.stg_weather  [[31mERROR[0m in 3.57s]
[0m21:46:22.681946 [debug] [Thread-1 (]: Finished running node model.citypulse.stg_weather
[0m21:46:22.687061 [debug] [Thread-1 (]: Began running node model.citypulse.daily_air_quality_summary
[0m21:46:22.691064 [info ] [Thread-1 (]: 4 of 6 SKIP relation citypulse_marts_citypulse_marts.daily_air_quality_summary . [[33mSKIP[0m]
[0m21:46:22.718071 [debug] [Thread-1 (]: Finished running node model.citypulse.daily_air_quality_summary
[0m21:46:22.729623 [debug] [Thread-1 (]: Began running node model.citypulse.daily_mobility_summary
[0m21:46:22.736713 [info ] [Thread-1 (]: 5 of 6 SKIP relation citypulse_marts_citypulse_marts.daily_mobility_summary .... [[33mSKIP[0m]
[0m21:46:22.747952 [debug] [Thread-1 (]: Finished running node model.citypulse.daily_mobility_summary
[0m21:46:22.757015 [debug] [Thread-1 (]: Began running node model.citypulse.daily_weather_summary
[0m21:46:22.764038 [info ] [Thread-1 (]: 6 of 6 SKIP relation citypulse_marts_citypulse_marts.daily_weather_summary ..... [[33mSKIP[0m]
[0m21:46:22.768867 [debug] [Thread-1 (]: Finished running node model.citypulse.daily_weather_summary
[0m21:46:22.779585 [debug] [MainThread]: Connection 'master' was properly closed.
[0m21:46:22.782896 [debug] [MainThread]: Connection 'create_project-6c4733db-2f24-496d-90f_citypulse_marts_citypulse_staging' was properly closed.
[0m21:46:22.786000 [debug] [MainThread]: Connection 'list_project-6c4733db-2f24-496d-90f_citypulse_marts_citypulse_staging' was properly closed.
[0m21:46:22.791123 [debug] [MainThread]: Connection 'model.citypulse.stg_weather' was properly closed.
[0m21:46:22.794264 [info ] [MainThread]: 
[0m21:46:22.797345 [info ] [MainThread]: Finished running 3 view models, 3 table models in 0 hours 0 minutes and 30.78 seconds (30.78s).
[0m21:46:22.803742 [debug] [MainThread]: Command end result
[0m21:46:22.858927 [info ] [MainThread]: 
[0m21:46:22.862930 [info ] [MainThread]: [31mCompleted with 3 errors and 0 warnings:[0m
[0m21:46:22.866024 [info ] [MainThread]: 
[0m21:46:22.868216 [error] [MainThread]:   Database Error in model stg_air_quality (models\staging\stg_air_quality.sql)
  Invalid cast from INT64 to TIMESTAMP at [15:14]
  compiled Code at target\run\citypulse\models\staging\stg_air_quality.sql
[0m21:46:22.874470 [info ] [MainThread]: 
[0m21:46:22.877873 [error] [MainThread]:   Database Error in model stg_citibike (models\staging\stg_citibike.sql)
  Invalid cast from INT64 to TIMESTAMP at [17:14]
  compiled Code at target\run\citypulse\models\staging\stg_citibike.sql
[0m21:46:22.880070 [info ] [MainThread]: 
[0m21:46:22.881510 [error] [MainThread]:   Database Error in model stg_weather (models\staging\stg_weather.sql)
  Invalid cast from INT64 to TIMESTAMP at [17:14]
  compiled Code at target\run\citypulse\models\staging\stg_weather.sql
[0m21:46:22.884041 [info ] [MainThread]: 
[0m21:46:22.888761 [info ] [MainThread]: Done. PASS=0 WARN=0 ERROR=3 SKIP=3 TOTAL=6
[0m21:46:22.897455 [debug] [MainThread]: Command `dbt run` failed at 21:46:22.896351 after 44.82 seconds
[0m21:46:22.899453 [debug] [MainThread]: Sending event: {'category': 'dbt', 'action': 'invocation', 'label': 'end', 'context': [<snowplow_tracker.self_describing_json.SelfDescribingJson object at 0x000001F5C4A96190>, <snowplow_tracker.self_describing_json.SelfDescribingJson object at 0x000001F5C4AA6DD0>, <snowplow_tracker.self_describing_json.SelfDescribingJson object at 0x000001F5C1D7EF50>]}
[0m21:46:22.901828 [debug] [MainThread]: Flushing usage events
[0m21:49:29.197690 [debug] [MainThread]: Sending event: {'category': 'dbt', 'action': 'invocation', 'label': 'start', 'context': [<snowplow_tracker.self_describing_json.SelfDescribingJson object at 0x0000018D506B4810>, <snowplow_tracker.self_describing_json.SelfDescribingJson object at 0x0000018D506AC710>, <snowplow_tracker.self_describing_json.SelfDescribingJson object at 0x0000018D506AC110>]}


============================== 21:49:29.210541 | f214b629-fd0f-4f5f-98fd-1cf15805f1e3 ==============================
[0m21:49:29.210541 [info ] [MainThread]: Running with dbt=1.7.19
[0m21:49:29.213575 [debug] [MainThread]: running dbt with arguments {'printer_width': '80', 'indirect_selection': 'eager', 'write_json': 'True', 'log_cache_events': 'False', 'partial_parse': 'True', 'cache_selected_only': 'False', 'warn_error': 'None', 'version_check': 'True', 'profiles_dir': 'C:\\Users\\usuario\\.dbt', 'log_path': 'C:\\Users\\usuario\\Desktop\\Data Project\\citypulse_analytics\\transformation\\logs', 'fail_fast': 'False', 'debug': 'False', 'use_colors': 'True', 'use_experimental_parser': 'False', 'no_print': 'None', 'quiet': 'False', 'warn_error_options': 'WarnErrorOptions(include=[], exclude=[])', 'static_parser': 'True', 'invocation_command': 'dbt run', 'introspect': 'True', 'target_path': 'None', 'log_format': 'default', 'send_anonymous_usage_stats': 'True'}
[0m21:49:36.419978 [debug] [MainThread]: Sending event: {'category': 'dbt', 'action': 'project_id', 'label': 'f214b629-fd0f-4f5f-98fd-1cf15805f1e3', 'context': [<snowplow_tracker.self_describing_json.SelfDescribingJson object at 0x0000018D623C9150>]}
[0m21:49:36.622334 [debug] [MainThread]: Sending event: {'category': 'dbt', 'action': 'adapter_info', 'label': 'f214b629-fd0f-4f5f-98fd-1cf15805f1e3', 'context': [<snowplow_tracker.self_describing_json.SelfDescribingJson object at 0x0000018D60C9F8D0>]}
[0m21:49:36.627273 [info ] [MainThread]: Registered adapter: bigquery=1.7.0
[0m21:49:36.671408 [debug] [MainThread]: checksum: a8d43cdff37d0f32d7fbe4c5c25bea4bb6c86e162f8ce8fdb1a38cdcf7495431, vars: {}, profile: , target: , version: 1.7.19
[0m21:49:36.976025 [debug] [MainThread]: Partial parsing enabled: 0 files deleted, 0 files added, 3 files changed.
[0m21:49:36.978660 [debug] [MainThread]: Partial parsing: updated file: citypulse://models\staging\stg_weather.sql
[0m21:49:36.980836 [debug] [MainThread]: Partial parsing: updated file: citypulse://models\staging\stg_citibike.sql
[0m21:49:36.983416 [debug] [MainThread]: Partial parsing: updated file: citypulse://models\staging\stg_air_quality.sql
[0m21:49:37.437001 [debug] [MainThread]: Sending event: {'category': 'dbt', 'action': 'load_project', 'label': 'f214b629-fd0f-4f5f-98fd-1cf15805f1e3', 'context': [<snowplow_tracker.self_describing_json.SelfDescribingJson object at 0x0000018D62C21250>]}
[0m21:49:37.481197 [debug] [MainThread]: Sending event: {'category': 'dbt', 'action': 'resource_counts', 'label': 'f214b629-fd0f-4f5f-98fd-1cf15805f1e3', 'context': [<snowplow_tracker.self_describing_json.SelfDescribingJson object at 0x0000018D62E12650>]}
[0m21:49:37.484262 [info ] [MainThread]: Found 6 models, 13 tests, 3 sources, 0 exposures, 0 metrics, 447 macros, 0 groups, 0 semantic models
[0m21:49:37.487012 [debug] [MainThread]: Sending event: {'category': 'dbt', 'action': 'runnable_timing', 'label': 'f214b629-fd0f-4f5f-98fd-1cf15805f1e3', 'context': [<snowplow_tracker.self_describing_json.SelfDescribingJson object at 0x0000018D62DE2E90>]}
[0m21:49:37.494309 [info ] [MainThread]: 
[0m21:49:37.497749 [debug] [MainThread]: Acquiring new bigquery connection 'master'
[0m21:49:37.506064 [debug] [ThreadPool]: Acquiring new bigquery connection 'list_project-6c4733db-2f24-496d-90f'
[0m21:49:37.507105 [debug] [ThreadPool]: Opening a new connection, currently in state init
[0m21:49:46.324501 [debug] [ThreadPool]: Opening a new connection, currently in state closed
[0m21:49:47.914383 [debug] [ThreadPool]: Acquiring new bigquery connection 'list_project-6c4733db-2f24-496d-90f_citypulse_marts_citypulse_staging'
[0m21:49:47.916067 [debug] [ThreadPool]: Opening a new connection, currently in state init
[0m21:49:49.323507 [debug] [ThreadPool]: Re-using an available connection from the pool (formerly list_project-6c4733db-2f24-496d-90f_citypulse_marts_citypulse_staging, now list_project-6c4733db-2f24-496d-90f_citypulse_marts_citypulse_marts)
[0m21:49:49.325593 [debug] [ThreadPool]: Opening a new connection, currently in state closed
[0m21:49:50.818823 [debug] [MainThread]: Sending event: {'category': 'dbt', 'action': 'runnable_timing', 'label': 'f214b629-fd0f-4f5f-98fd-1cf15805f1e3', 'context': [<snowplow_tracker.self_describing_json.SelfDescribingJson object at 0x0000018D62D62710>]}
[0m21:49:50.822335 [info ] [MainThread]: Concurrency: 1 threads (target='dev')
[0m21:49:50.824384 [info ] [MainThread]: 
[0m21:49:50.834697 [debug] [Thread-1 (]: Began running node model.citypulse.stg_air_quality
[0m21:49:50.839050 [info ] [Thread-1 (]: 1 of 6 START sql view model citypulse_marts_citypulse_staging.stg_air_quality .. [RUN]
[0m21:49:50.848682 [debug] [Thread-1 (]: Acquiring new bigquery connection 'model.citypulse.stg_air_quality'
[0m21:49:50.853501 [debug] [Thread-1 (]: Began compiling node model.citypulse.stg_air_quality
[0m21:49:50.884511 [debug] [Thread-1 (]: Writing injected SQL for node "model.citypulse.stg_air_quality"
[0m21:49:50.896210 [debug] [Thread-1 (]: Timing info for model.citypulse.stg_air_quality (compile): 21:49:50.856186 => 21:49:50.896210
[0m21:49:50.904233 [debug] [Thread-1 (]: Began executing node model.citypulse.stg_air_quality
[0m21:49:50.995797 [debug] [Thread-1 (]: Writing runtime sql for node "model.citypulse.stg_air_quality"
[0m21:49:51.004413 [debug] [Thread-1 (]: Opening a new connection, currently in state init
[0m21:49:51.006262 [debug] [Thread-1 (]: On model.citypulse.stg_air_quality: /* {"app": "dbt", "dbt_version": "1.7.19", "profile_name": "citypulse", "target_name": "dev", "node_id": "model.citypulse.stg_air_quality"} */


  create or replace view `project-6c4733db-2f24-496d-90f`.`citypulse_marts_citypulse_staging`.`stg_air_quality`
  OPTIONS()
  as -- stg_air_quality.sql
-- Vista ligera sobre la tabla raw de calidad del aire.

with source as (
    select * from `project-6c4733db-2f24-496d-90f`.`citypulse_staging`.`air_quality`
),

staged as (
    select
        timestamp_micros(timestamp)         as timestamp,
        cast(date as date)                  as date,
        cast(pm2_5 as float64)              as pm2_5,
        cast(pm10 as float64)               as pm10,
        cast(ozone as float64)              as ozone,
        cast(us_aqi as int64)               as us_aqi,
        cast(aqi_category as string)        as aqi_category,
        cast(location as string)            as location
    from source
    where timestamp is not null
      and date is not null
)

select * from staged;


[0m21:49:52.941055 [debug] [Thread-1 (]: BigQuery adapter: https://console.cloud.google.com/bigquery?project=project-6c4733db-2f24-496d-90f&j=bq:us-central1:200588db-2a54-4bc5-befa-acd07e70fc55&page=queryresults
[0m21:49:53.418574 [debug] [Thread-1 (]: Timing info for model.citypulse.stg_air_quality (execute): 21:49:50.906276 => 21:49:53.417459
[0m21:49:53.421616 [debug] [Thread-1 (]: Sending event: {'category': 'dbt', 'action': 'run_model', 'label': 'f214b629-fd0f-4f5f-98fd-1cf15805f1e3', 'context': [<snowplow_tracker.self_describing_json.SelfDescribingJson object at 0x0000018D62C05E50>]}
[0m21:49:53.424149 [info ] [Thread-1 (]: 1 of 6 OK created sql view model citypulse_marts_citypulse_staging.stg_air_quality  [[32mCREATE VIEW (0 processed)[0m in 2.58s]
[0m21:49:53.428345 [debug] [Thread-1 (]: Finished running node model.citypulse.stg_air_quality
[0m21:49:53.431297 [debug] [Thread-1 (]: Began running node model.citypulse.stg_citibike
[0m21:49:53.435350 [info ] [Thread-1 (]: 2 of 6 START sql view model citypulse_marts_citypulse_staging.stg_citibike ..... [RUN]
[0m21:49:53.438411 [debug] [Thread-1 (]: Re-using an available connection from the pool (formerly model.citypulse.stg_air_quality, now model.citypulse.stg_citibike)
[0m21:49:53.440508 [debug] [Thread-1 (]: Began compiling node model.citypulse.stg_citibike
[0m21:49:53.456346 [debug] [Thread-1 (]: Writing injected SQL for node "model.citypulse.stg_citibike"
[0m21:49:53.461763 [debug] [Thread-1 (]: Timing info for model.citypulse.stg_citibike (compile): 21:49:53.441519 => 21:49:53.460762
[0m21:49:53.466679 [debug] [Thread-1 (]: Began executing node model.citypulse.stg_citibike
[0m21:49:53.507299 [debug] [Thread-1 (]: Writing runtime sql for node "model.citypulse.stg_citibike"
[0m21:49:53.519418 [debug] [Thread-1 (]: Opening a new connection, currently in state closed
[0m21:49:53.521847 [debug] [Thread-1 (]: On model.citypulse.stg_citibike: /* {"app": "dbt", "dbt_version": "1.7.19", "profile_name": "citypulse", "target_name": "dev", "node_id": "model.citypulse.stg_citibike"} */


  create or replace view `project-6c4733db-2f24-496d-90f`.`citypulse_marts_citypulse_staging`.`stg_citibike`
  OPTIONS()
  as -- stg_citibike.sql
-- Vista ligera sobre la tabla raw de Citibike.

with source as (
    select * from `project-6c4733db-2f24-496d-90f`.`citypulse_staging`.`citibike`
),

staged as (
    select
        cast(ride_id as string)               as ride_id,
        cast(rideable_type as string)         as rideable_type,
        timestamp_micros(started_at)          as started_at,
        timestamp_micros(ended_at)            as ended_at,
        cast(start_station_name as string)    as start_station_name,
        cast(end_station_name as string)      as end_station_name,
        cast(start_lat as float64)            as start_lat,
        cast(start_lng as float64)            as start_lng,
        cast(end_lat as float64)              as end_lat,
        cast(end_lng as float64)              as end_lng,
        cast(member_casual as string)         as member_casual,
        cast(duration_minutes as float64)     as duration_minutes,
        cast(year as int64)                   as year,
        cast(month as int64)                  as month
    from source
    where started_at is not null
      and duration_minutes > 0
)

select * from staged;


[0m21:49:55.011128 [debug] [Thread-1 (]: BigQuery adapter: https://console.cloud.google.com/bigquery?project=project-6c4733db-2f24-496d-90f&j=bq:us-central1:bf1bd193-98c3-4922-8800-2cb2481fa457&page=queryresults
[0m21:49:55.413378 [debug] [Thread-1 (]: Timing info for model.citypulse.stg_citibike (execute): 21:49:53.475833 => 21:49:55.412376
[0m21:49:55.417422 [debug] [Thread-1 (]: Sending event: {'category': 'dbt', 'action': 'run_model', 'label': 'f214b629-fd0f-4f5f-98fd-1cf15805f1e3', 'context': [<snowplow_tracker.self_describing_json.SelfDescribingJson object at 0x0000018D62C05DD0>]}
[0m21:49:55.419422 [info ] [Thread-1 (]: 2 of 6 OK created sql view model citypulse_marts_citypulse_staging.stg_citibike  [[32mCREATE VIEW (0 processed)[0m in 1.98s]
[0m21:49:55.424046 [debug] [Thread-1 (]: Finished running node model.citypulse.stg_citibike
[0m21:49:55.426458 [debug] [Thread-1 (]: Began running node model.citypulse.stg_weather
[0m21:49:55.428987 [info ] [Thread-1 (]: 3 of 6 START sql view model citypulse_marts_citypulse_staging.stg_weather ...... [RUN]
[0m21:49:55.432429 [debug] [Thread-1 (]: Re-using an available connection from the pool (formerly model.citypulse.stg_citibike, now model.citypulse.stg_weather)
[0m21:49:55.438495 [debug] [Thread-1 (]: Began compiling node model.citypulse.stg_weather
[0m21:49:55.471439 [debug] [Thread-1 (]: Writing injected SQL for node "model.citypulse.stg_weather"
[0m21:49:55.485767 [debug] [Thread-1 (]: Timing info for model.citypulse.stg_weather (compile): 21:49:55.441496 => 21:49:55.480499
[0m21:49:55.488852 [debug] [Thread-1 (]: Began executing node model.citypulse.stg_weather
[0m21:49:55.504876 [debug] [Thread-1 (]: Writing runtime sql for node "model.citypulse.stg_weather"
[0m21:49:55.510473 [debug] [Thread-1 (]: Opening a new connection, currently in state closed
[0m21:49:55.512000 [debug] [Thread-1 (]: On model.citypulse.stg_weather: /* {"app": "dbt", "dbt_version": "1.7.19", "profile_name": "citypulse", "target_name": "dev", "node_id": "model.citypulse.stg_weather"} */


  create or replace view `project-6c4733db-2f24-496d-90f`.`citypulse_marts_citypulse_staging`.`stg_weather`
  OPTIONS()
  as -- stg_weather.sql
-- Vista ligera sobre la tabla raw de clima.
-- Responsabilidad: renombrar columnas, castear tipos y descartar
-- filas inválidas. Sin lógica de negocio.

with source as (
    select * from `project-6c4733db-2f24-496d-90f`.`citypulse_staging`.`weather`
),

staged as (
    select
        timestamp_micros(timestamp)     as timestamp,
        cast(date as date)              as date,
        cast(temperature_c as float64)  as temperature_c,
        cast(precipitation_mm as float64) as precipitation_mm,
        cast(wind_speed_kmh as float64) as wind_speed_kmh,
        cast(humidity_pct as float64)   as humidity_pct,
        cast(location as string)        as location
    from source
    where timestamp is not null
      and date is not null
)

select * from staged;


[0m21:49:57.100557 [debug] [Thread-1 (]: BigQuery adapter: https://console.cloud.google.com/bigquery?project=project-6c4733db-2f24-496d-90f&j=bq:us-central1:5a3927e7-5fde-4560-9fa6-c5292ce5b806&page=queryresults
[0m21:49:57.558777 [debug] [Thread-1 (]: Timing info for model.citypulse.stg_weather (execute): 21:49:55.490878 => 21:49:57.556721
[0m21:49:57.562802 [debug] [Thread-1 (]: Sending event: {'category': 'dbt', 'action': 'run_model', 'label': 'f214b629-fd0f-4f5f-98fd-1cf15805f1e3', 'context': [<snowplow_tracker.self_describing_json.SelfDescribingJson object at 0x0000018D62C05DD0>]}
[0m21:49:57.564335 [info ] [Thread-1 (]: 3 of 6 OK created sql view model citypulse_marts_citypulse_staging.stg_weather . [[32mCREATE VIEW (0 processed)[0m in 2.13s]
[0m21:49:57.569044 [debug] [Thread-1 (]: Finished running node model.citypulse.stg_weather
[0m21:49:57.571713 [debug] [Thread-1 (]: Began running node model.citypulse.daily_air_quality_summary
[0m21:49:57.575596 [info ] [Thread-1 (]: 4 of 6 START sql table model citypulse_marts_citypulse_marts.daily_air_quality_summary  [RUN]
[0m21:49:57.599036 [debug] [Thread-1 (]: Re-using an available connection from the pool (formerly model.citypulse.stg_weather, now model.citypulse.daily_air_quality_summary)
[0m21:49:57.609344 [debug] [Thread-1 (]: Began compiling node model.citypulse.daily_air_quality_summary
[0m21:49:57.627143 [debug] [Thread-1 (]: Writing injected SQL for node "model.citypulse.daily_air_quality_summary"
[0m21:49:57.645337 [debug] [Thread-1 (]: Timing info for model.citypulse.daily_air_quality_summary (compile): 21:49:57.611347 => 21:49:57.633685
[0m21:49:57.647338 [debug] [Thread-1 (]: Began executing node model.citypulse.daily_air_quality_summary
[0m21:49:57.763780 [debug] [Thread-1 (]: Writing runtime sql for node "model.citypulse.daily_air_quality_summary"
[0m21:49:57.770681 [debug] [Thread-1 (]: Opening a new connection, currently in state closed
[0m21:49:57.774182 [debug] [Thread-1 (]: On model.citypulse.daily_air_quality_summary: /* {"app": "dbt", "dbt_version": "1.7.19", "profile_name": "citypulse", "target_name": "dev", "node_id": "model.citypulse.daily_air_quality_summary"} */

  
    

    create or replace table `project-6c4733db-2f24-496d-90f`.`citypulse_marts_citypulse_marts`.`daily_air_quality_summary`
      
    
    

    OPTIONS()
    as (
      -- daily_air_quality_summary.sql
-- Resumen diario de calidad del aire para NYC.
-- Una fila por día con métricas agregadas y distribución de categorías AQI.

with daily as (
    select
        date,
        location,

        -- Métricas principales
        round(avg(pm2_5), 2)    as pm2_5_avg,
        round(max(pm2_5), 2)    as pm2_5_max,
        round(avg(pm10), 2)     as pm10_avg,
        round(avg(ozone), 2)    as ozone_avg,
        round(avg(us_aqi), 0)   as aqi_avg,
        max(us_aqi)             as aqi_max,

        -- Categoría dominante del día — la que más horas ocupa
        approx_top_count(aqi_category, 1)[offset(0)].value as aqi_dominant_category,

        -- Horas en cada categoría — útil para el dashboard
        countif(aqi_category = 'Good')                          as hours_good,
        countif(aqi_category = 'Moderate')                      as hours_moderate,
        countif(aqi_category = 'Unhealthy for Sensitive Groups') as hours_unhealthy_sensitive,
        countif(aqi_category = 'Unhealthy')                     as hours_unhealthy,
        countif(aqi_category = 'Very Unhealthy')                as hours_very_unhealthy,
        countif(aqi_category = 'Hazardous')                     as hours_hazardous

    from `project-6c4733db-2f24-496d-90f`.`citypulse_marts_citypulse_staging`.`stg_air_quality`
    group by date, location
)

select * from daily
order by date desc
    );
  
[0m21:49:59.675969 [debug] [Thread-1 (]: BigQuery adapter: https://console.cloud.google.com/bigquery?project=project-6c4733db-2f24-496d-90f&j=bq:us-central1:7039299f-1cb9-432b-938b-5a8d99d41a4d&page=queryresults
[0m21:50:01.724590 [debug] [Thread-1 (]: Timing info for model.citypulse.daily_air_quality_summary (execute): 21:49:57.648400 => 21:50:01.724590
[0m21:50:01.724590 [debug] [Thread-1 (]: Sending event: {'category': 'dbt', 'action': 'run_model', 'label': 'f214b629-fd0f-4f5f-98fd-1cf15805f1e3', 'context': [<snowplow_tracker.self_describing_json.SelfDescribingJson object at 0x0000018D6303C5D0>]}
[0m21:50:01.724590 [info ] [Thread-1 (]: 4 of 6 OK created sql table model citypulse_marts_citypulse_marts.daily_air_quality_summary  [[32mCREATE TABLE (1.0 rows, 1.5 KiB processed)[0m in 4.15s]
[0m21:50:01.735912 [debug] [Thread-1 (]: Finished running node model.citypulse.daily_air_quality_summary
[0m21:50:01.738493 [debug] [Thread-1 (]: Began running node model.citypulse.daily_mobility_summary
[0m21:50:01.742055 [info ] [Thread-1 (]: 5 of 6 START sql table model citypulse_marts_citypulse_marts.daily_mobility_summary  [RUN]
[0m21:50:01.745597 [debug] [Thread-1 (]: Re-using an available connection from the pool (formerly model.citypulse.daily_air_quality_summary, now model.citypulse.daily_mobility_summary)
[0m21:50:01.748434 [debug] [Thread-1 (]: Began compiling node model.citypulse.daily_mobility_summary
[0m21:50:01.762630 [debug] [Thread-1 (]: Writing injected SQL for node "model.citypulse.daily_mobility_summary"
[0m21:50:01.768178 [debug] [Thread-1 (]: Timing info for model.citypulse.daily_mobility_summary (compile): 21:50:01.749456 => 21:50:01.767181
[0m21:50:01.770180 [debug] [Thread-1 (]: Began executing node model.citypulse.daily_mobility_summary
[0m21:50:01.784995 [debug] [Thread-1 (]: Writing runtime sql for node "model.citypulse.daily_mobility_summary"
[0m21:50:01.788641 [debug] [Thread-1 (]: Opening a new connection, currently in state closed
[0m21:50:01.791771 [debug] [Thread-1 (]: On model.citypulse.daily_mobility_summary: /* {"app": "dbt", "dbt_version": "1.7.19", "profile_name": "citypulse", "target_name": "dev", "node_id": "model.citypulse.daily_mobility_summary"} */

  
    

    create or replace table `project-6c4733db-2f24-496d-90f`.`citypulse_marts_citypulse_marts`.`daily_mobility_summary`
      
    
    

    OPTIONS()
    as (
      -- daily_mobility_summary.sql
-- Resumen diario de movilidad en Citibike NYC.
-- Una fila por día con métricas de uso agregadas desde los viajes individuales.

with daily as (
    select
        date(started_at)                        as date,
        year,
        month,

        -- Volumen
        count(*)                                as total_rides,
        count(distinct start_station_name)      as active_start_stations,
        count(distinct end_station_name)        as active_end_stations,

        -- Duración
        round(avg(duration_minutes), 2)         as duration_avg_min,
        round(min(duration_minutes), 2)         as duration_min_min,
        round(max(duration_minutes), 2)         as duration_max_min,

        -- Tipo de usuario
        countif(member_casual = 'member')       as rides_member,
        countif(member_casual = 'casual')       as rides_casual,
        round(
            countif(member_casual = 'member') * 100.0 / count(*), 2
        )                                       as pct_member,

        -- Tipo de bicicleta
        countif(rideable_type = 'electric_bike') as rides_electric,
        countif(rideable_type = 'classic_bike')  as rides_classic,
        round(
            countif(rideable_type = 'electric_bike') * 100.0 / count(*), 2
        )                                        as pct_electric

    from `project-6c4733db-2f24-496d-90f`.`citypulse_marts_citypulse_staging`.`stg_citibike`
    group by date(started_at), year, month
)

select * from daily
order by date desc
    );
  
[0m21:50:03.651039 [debug] [Thread-1 (]: BigQuery adapter: https://console.cloud.google.com/bigquery?project=project-6c4733db-2f24-496d-90f&j=bq:us-central1:bff72022-b51c-4ce7-8359-110d494dcbb7&page=queryresults
[0m21:50:04.150517 [debug] [Thread-1 (]: BigQuery adapter: Retry attempt 1 of 1 after error: BadRequest('TIMESTAMP value is out of allowed range: from 0001-01-01 00:00:00.000000+00 to 9999-12-31 23:59:59.999999+00.; reason: invalidQuery, location: query, message: TIMESTAMP value is out of allowed range: from 0001-01-01 00:00:00.000000+00 to 9999-12-31 23:59:59.999999+00.')
[0m21:50:05.261294 [debug] [Thread-1 (]: BigQuery adapter: https://console.cloud.google.com/bigquery?project=project-6c4733db-2f24-496d-90f&j=bq:us-central1:9e37ea0f-c15f-4c18-a68e-2ffb4e286f06&page=queryresults
[0m21:50:05.955067 [error] [Thread-1 (]: BigQuery adapter: https://console.cloud.google.com/bigquery?project=project-6c4733db-2f24-496d-90f&j=bq:us-central1:9e37ea0f-c15f-4c18-a68e-2ffb4e286f06&page=queryresults
[0m21:50:05.960993 [debug] [Thread-1 (]: Timing info for model.citypulse.daily_mobility_summary (execute): 21:50:01.772180 => 21:50:05.959166
[0m21:50:05.991916 [debug] [Thread-1 (]: Database Error in model daily_mobility_summary (models\marts\daily_mobility_summary.sql)
  TIMESTAMP value is out of allowed range: from 0001-01-01 00:00:00.000000+00 to 9999-12-31 23:59:59.999999+00.
  compiled Code at target\run\citypulse\models\marts\daily_mobility_summary.sql
[0m21:50:06.004178 [debug] [Thread-1 (]: Sending event: {'category': 'dbt', 'action': 'run_model', 'label': 'f214b629-fd0f-4f5f-98fd-1cf15805f1e3', 'context': [<snowplow_tracker.self_describing_json.SelfDescribingJson object at 0x0000018D62FEF3D0>]}
[0m21:50:06.014382 [error] [Thread-1 (]: 5 of 6 ERROR creating sql table model citypulse_marts_citypulse_marts.daily_mobility_summary  [[31mERROR[0m in 4.25s]
[0m21:50:06.018144 [debug] [Thread-1 (]: Finished running node model.citypulse.daily_mobility_summary
[0m21:50:06.022174 [debug] [Thread-1 (]: Began running node model.citypulse.daily_weather_summary
[0m21:50:06.028925 [info ] [Thread-1 (]: 6 of 6 START sql table model citypulse_marts_citypulse_marts.daily_weather_summary  [RUN]
[0m21:50:06.034306 [debug] [Thread-1 (]: Re-using an available connection from the pool (formerly model.citypulse.daily_mobility_summary, now model.citypulse.daily_weather_summary)
[0m21:50:06.038509 [debug] [Thread-1 (]: Began compiling node model.citypulse.daily_weather_summary
[0m21:50:06.087422 [debug] [Thread-1 (]: Writing injected SQL for node "model.citypulse.daily_weather_summary"
[0m21:50:06.098686 [debug] [Thread-1 (]: Timing info for model.citypulse.daily_weather_summary (compile): 21:50:06.041508 => 21:50:06.088457
[0m21:50:06.101993 [debug] [Thread-1 (]: Began executing node model.citypulse.daily_weather_summary
[0m21:50:06.117168 [debug] [Thread-1 (]: Writing runtime sql for node "model.citypulse.daily_weather_summary"
[0m21:50:06.122437 [debug] [Thread-1 (]: Opening a new connection, currently in state closed
[0m21:50:06.124970 [debug] [Thread-1 (]: On model.citypulse.daily_weather_summary: /* {"app": "dbt", "dbt_version": "1.7.19", "profile_name": "citypulse", "target_name": "dev", "node_id": "model.citypulse.daily_weather_summary"} */

  
    

    create or replace table `project-6c4733db-2f24-496d-90f`.`citypulse_marts_citypulse_marts`.`daily_weather_summary`
      
    
    

    OPTIONS()
    as (
      -- daily_weather_summary.sql
-- Resumen diario de clima para NYC.
-- Una fila por día con las métricas agregadas desde los datos horarios.

with daily as (
    select
        date,
        location,

        -- Temperatura
        round(avg(temperature_c), 2)    as temp_avg_c,
        round(min(temperature_c), 2)    as temp_min_c,
        round(max(temperature_c), 2)    as temp_max_c,

        -- Precipitación — sumamos las horas para obtener el total del día
        round(sum(precipitation_mm), 2) as precipitation_total_mm,

        -- Viento
        round(avg(wind_speed_kmh), 2)   as wind_avg_kmh,
        round(max(wind_speed_kmh), 2)   as wind_max_kmh,

        -- Humedad
        round(avg(humidity_pct), 2)     as humidity_avg_pct

    from `project-6c4733db-2f24-496d-90f`.`citypulse_marts_citypulse_staging`.`stg_weather`
    group by date, location
)

select * from daily
order by date desc
    );
  
[0m21:50:08.037837 [debug] [Thread-1 (]: BigQuery adapter: https://console.cloud.google.com/bigquery?project=project-6c4733db-2f24-496d-90f&j=bq:us-central1:302cc23d-10bd-4b8c-bbeb-5da4c1b87d50&page=queryresults
[0m21:50:09.952686 [debug] [Thread-1 (]: Timing info for model.citypulse.daily_weather_summary (execute): 21:50:06.103298 => 21:50:09.951685
[0m21:50:09.956221 [debug] [Thread-1 (]: Sending event: {'category': 'dbt', 'action': 'run_model', 'label': 'f214b629-fd0f-4f5f-98fd-1cf15805f1e3', 'context': [<snowplow_tracker.self_describing_json.SelfDescribingJson object at 0x0000018D63123D50>]}
[0m21:50:09.958989 [info ] [Thread-1 (]: 6 of 6 OK created sql table model citypulse_marts_citypulse_marts.daily_weather_summary  [[32mCREATE TABLE (1.0 rows, 1.2 KiB processed)[0m in 3.92s]
[0m21:50:09.962350 [debug] [Thread-1 (]: Finished running node model.citypulse.daily_weather_summary
[0m21:50:09.967707 [debug] [MainThread]: Connection 'master' was properly closed.
[0m21:50:09.971006 [debug] [MainThread]: Connection 'list_project-6c4733db-2f24-496d-90f' was properly closed.
[0m21:50:09.976039 [debug] [MainThread]: Connection 'list_project-6c4733db-2f24-496d-90f_citypulse_marts_citypulse_marts' was properly closed.
[0m21:50:09.978037 [debug] [MainThread]: Connection 'model.citypulse.daily_weather_summary' was properly closed.
[0m21:50:09.981038 [info ] [MainThread]: 
[0m21:50:09.984563 [info ] [MainThread]: Finished running 3 view models, 3 table models in 0 hours 0 minutes and 32.48 seconds (32.48s).
[0m21:50:09.998999 [debug] [MainThread]: Command end result
[0m21:50:10.072162 [info ] [MainThread]: 
[0m21:50:10.074252 [info ] [MainThread]: [31mCompleted with 1 error and 0 warnings:[0m
[0m21:50:10.077341 [info ] [MainThread]: 
[0m21:50:10.079705 [error] [MainThread]:   Database Error in model daily_mobility_summary (models\marts\daily_mobility_summary.sql)
  TIMESTAMP value is out of allowed range: from 0001-01-01 00:00:00.000000+00 to 9999-12-31 23:59:59.999999+00.
  compiled Code at target\run\citypulse\models\marts\daily_mobility_summary.sql
[0m21:50:10.086319 [info ] [MainThread]: 
[0m21:50:10.088528 [info ] [MainThread]: Done. PASS=5 WARN=0 ERROR=1 SKIP=0 TOTAL=6
[0m21:50:10.093370 [debug] [MainThread]: Command `dbt run` failed at 21:50:10.093370 after 41.09 seconds
[0m21:50:10.095884 [debug] [MainThread]: Sending event: {'category': 'dbt', 'action': 'invocation', 'label': 'end', 'context': [<snowplow_tracker.self_describing_json.SelfDescribingJson object at 0x0000018D506A5E90>, <snowplow_tracker.self_describing_json.SelfDescribingJson object at 0x0000018D504DEB50>, <snowplow_tracker.self_describing_json.SelfDescribingJson object at 0x0000018D4D99B250>]}
[0m21:50:10.097885 [debug] [MainThread]: Flushing usage events
[0m21:51:09.317677 [debug] [MainThread]: Sending event: {'category': 'dbt', 'action': 'invocation', 'label': 'start', 'context': [<snowplow_tracker.self_describing_json.SelfDescribingJson object at 0x00000164C107CD10>, <snowplow_tracker.self_describing_json.SelfDescribingJson object at 0x00000164C1066150>, <snowplow_tracker.self_describing_json.SelfDescribingJson object at 0x00000164C10A3390>]}


============================== 21:51:09.331497 | b0489e63-192d-4f01-b173-5347b5ea1d55 ==============================
[0m21:51:09.331497 [info ] [MainThread]: Running with dbt=1.7.19
[0m21:51:09.334571 [debug] [MainThread]: running dbt with arguments {'printer_width': '80', 'indirect_selection': 'eager', 'log_cache_events': 'False', 'write_json': 'True', 'partial_parse': 'True', 'cache_selected_only': 'False', 'warn_error': 'None', 'version_check': 'True', 'profiles_dir': 'C:\\Users\\usuario\\.dbt', 'log_path': 'C:\\Users\\usuario\\Desktop\\Data Project\\citypulse_analytics\\transformation\\logs', 'debug': 'True', 'fail_fast': 'False', 'use_colors': 'True', 'use_experimental_parser': 'False', 'no_print': 'None', 'quiet': 'False', 'warn_error_options': 'WarnErrorOptions(include=[], exclude=[])', 'introspect': 'True', 'log_format': 'default', 'static_parser': 'True', 'target_path': 'None', 'invocation_command': 'dbt run -s stg_air_quality --debug', 'send_anonymous_usage_stats': 'True'}
[0m21:51:16.114424 [debug] [MainThread]: Sending event: {'category': 'dbt', 'action': 'project_id', 'label': 'b0489e63-192d-4f01-b173-5347b5ea1d55', 'context': [<snowplow_tracker.self_describing_json.SelfDescribingJson object at 0x00000164D36B3290>]}
[0m21:51:16.355934 [debug] [MainThread]: Sending event: {'category': 'dbt', 'action': 'adapter_info', 'label': 'b0489e63-192d-4f01-b173-5347b5ea1d55', 'context': [<snowplow_tracker.self_describing_json.SelfDescribingJson object at 0x00000164D2D6CE90>]}
[0m21:51:16.361742 [info ] [MainThread]: Registered adapter: bigquery=1.7.0
[0m21:51:16.402329 [debug] [MainThread]: checksum: a8d43cdff37d0f32d7fbe4c5c25bea4bb6c86e162f8ce8fdb1a38cdcf7495431, vars: {}, profile: , target: , version: 1.7.19
[0m21:51:16.721659 [debug] [MainThread]: Partial parsing enabled: 0 files deleted, 0 files added, 0 files changed.
[0m21:51:16.724191 [debug] [MainThread]: Partial parsing enabled, no changes found, skipping parsing
[0m21:51:16.749123 [debug] [MainThread]: Sending event: {'category': 'dbt', 'action': 'load_project', 'label': 'b0489e63-192d-4f01-b173-5347b5ea1d55', 'context': [<snowplow_tracker.self_describing_json.SelfDescribingJson object at 0x00000164D37E0D10>]}
[0m21:51:16.882257 [debug] [MainThread]: Sending event: {'category': 'dbt', 'action': 'resource_counts', 'label': 'b0489e63-192d-4f01-b173-5347b5ea1d55', 'context': [<snowplow_tracker.self_describing_json.SelfDescribingJson object at 0x00000164D377AB90>]}
[0m21:51:16.891345 [info ] [MainThread]: Found 6 models, 13 tests, 3 sources, 0 exposures, 0 metrics, 447 macros, 0 groups, 0 semantic models
[0m21:51:16.898106 [debug] [MainThread]: Sending event: {'category': 'dbt', 'action': 'runnable_timing', 'label': 'b0489e63-192d-4f01-b173-5347b5ea1d55', 'context': [<snowplow_tracker.self_describing_json.SelfDescribingJson object at 0x00000164D371FFD0>]}
[0m21:51:16.909261 [info ] [MainThread]: 
[0m21:51:16.920053 [debug] [MainThread]: Acquiring new bigquery connection 'master'
[0m21:51:16.944787 [debug] [ThreadPool]: Acquiring new bigquery connection 'list_project-6c4733db-2f24-496d-90f'
[0m21:51:16.948015 [debug] [ThreadPool]: Opening a new connection, currently in state init
[0m21:51:25.200874 [debug] [ThreadPool]: Acquiring new bigquery connection 'list_project-6c4733db-2f24-496d-90f_citypulse_marts_citypulse_marts'
[0m21:51:25.203376 [debug] [ThreadPool]: Opening a new connection, currently in state init
[0m21:51:26.569324 [debug] [ThreadPool]: Re-using an available connection from the pool (formerly list_project-6c4733db-2f24-496d-90f_citypulse_marts_citypulse_marts, now list_project-6c4733db-2f24-496d-90f_citypulse_marts_citypulse_staging)
[0m21:51:26.575298 [debug] [ThreadPool]: Opening a new connection, currently in state closed
[0m21:51:27.894234 [debug] [MainThread]: Sending event: {'category': 'dbt', 'action': 'runnable_timing', 'label': 'b0489e63-192d-4f01-b173-5347b5ea1d55', 'context': [<snowplow_tracker.self_describing_json.SelfDescribingJson object at 0x00000164D387FB90>]}
[0m21:51:27.898450 [info ] [MainThread]: Concurrency: 1 threads (target='dev')
[0m21:51:27.900784 [info ] [MainThread]: 
[0m21:51:27.910684 [debug] [Thread-1 (]: Began running node model.citypulse.stg_air_quality
[0m21:51:27.914414 [info ] [Thread-1 (]: 1 of 1 START sql view model citypulse_marts_citypulse_staging.stg_air_quality .. [RUN]
[0m21:51:27.918182 [debug] [Thread-1 (]: Acquiring new bigquery connection 'model.citypulse.stg_air_quality'
[0m21:51:27.920210 [debug] [Thread-1 (]: Began compiling node model.citypulse.stg_air_quality
[0m21:51:27.960612 [debug] [Thread-1 (]: Writing injected SQL for node "model.citypulse.stg_air_quality"
[0m21:51:27.968556 [debug] [Thread-1 (]: Timing info for model.citypulse.stg_air_quality (compile): 21:51:27.922241 => 21:51:27.966351
[0m21:51:27.973373 [debug] [Thread-1 (]: Began executing node model.citypulse.stg_air_quality
[0m21:51:28.088598 [debug] [Thread-1 (]: Writing runtime sql for node "model.citypulse.stg_air_quality"
[0m21:51:28.091972 [debug] [Thread-1 (]: Opening a new connection, currently in state init
[0m21:51:28.096401 [debug] [Thread-1 (]: On model.citypulse.stg_air_quality: /* {"app": "dbt", "dbt_version": "1.7.19", "profile_name": "citypulse", "target_name": "dev", "node_id": "model.citypulse.stg_air_quality"} */


  create or replace view `project-6c4733db-2f24-496d-90f`.`citypulse_marts_citypulse_staging`.`stg_air_quality`
  OPTIONS()
  as -- stg_air_quality.sql
-- Vista ligera sobre la tabla raw de calidad del aire.

with source as (
    select * from `project-6c4733db-2f24-496d-90f`.`citypulse_staging`.`air_quality`
),

staged as (
    select
        timestamp_micros(timestamp)         as timestamp,
        cast(date as date)                  as date,
        cast(pm2_5 as float64)              as pm2_5,
        cast(pm10 as float64)               as pm10,
        cast(ozone as float64)              as ozone,
        cast(us_aqi as int64)               as us_aqi,
        cast(aqi_category as string)        as aqi_category,
        cast(location as string)            as location
    from source
    where timestamp is not null
      and date is not null
)

select * from staged;


[0m21:51:29.684633 [debug] [Thread-1 (]: BigQuery adapter: https://console.cloud.google.com/bigquery?project=project-6c4733db-2f24-496d-90f&j=bq:us-central1:15c01979-bb57-4e22-8923-bc445e61260e&page=queryresults
[0m21:51:30.211840 [debug] [Thread-1 (]: Timing info for model.citypulse.stg_air_quality (execute): 21:51:27.975520 => 21:51:30.210836
[0m21:51:30.217085 [debug] [Thread-1 (]: Sending event: {'category': 'dbt', 'action': 'run_model', 'label': 'b0489e63-192d-4f01-b173-5347b5ea1d55', 'context': [<snowplow_tracker.self_describing_json.SelfDescribingJson object at 0x00000164D357A650>]}
[0m21:51:30.220396 [info ] [Thread-1 (]: 1 of 1 OK created sql view model citypulse_marts_citypulse_staging.stg_air_quality  [[32mCREATE VIEW (0 processed)[0m in 2.30s]
[0m21:51:30.225444 [debug] [Thread-1 (]: Finished running node model.citypulse.stg_air_quality
[0m21:51:30.233451 [debug] [MainThread]: Connection 'master' was properly closed.
[0m21:51:30.238984 [debug] [MainThread]: Connection 'list_project-6c4733db-2f24-496d-90f' was properly closed.
[0m21:51:30.241982 [debug] [MainThread]: Connection 'list_project-6c4733db-2f24-496d-90f_citypulse_marts_citypulse_staging' was properly closed.
[0m21:51:30.245014 [debug] [MainThread]: Connection 'model.citypulse.stg_air_quality' was properly closed.
[0m21:51:30.248019 [info ] [MainThread]: 
[0m21:51:30.253540 [info ] [MainThread]: Finished running 1 view model in 0 hours 0 minutes and 13.33 seconds (13.33s).
[0m21:51:30.261080 [debug] [MainThread]: Command end result
[0m21:51:30.319893 [info ] [MainThread]: 
[0m21:51:30.323630 [info ] [MainThread]: [32mCompleted successfully[0m
[0m21:51:30.326320 [info ] [MainThread]: 
[0m21:51:30.328669 [info ] [MainThread]: Done. PASS=1 WARN=0 ERROR=0 SKIP=0 TOTAL=1
[0m21:51:30.333553 [debug] [MainThread]: Command `dbt run` succeeded at 21:51:30.332040 after 21.22 seconds
[0m21:51:30.341100 [debug] [MainThread]: Sending event: {'category': 'dbt', 'action': 'invocation', 'label': 'end', 'context': [<snowplow_tracker.self_describing_json.SelfDescribingJson object at 0x00000164C1065E50>, <snowplow_tracker.self_describing_json.SelfDescribingJson object at 0x00000164BA127B10>, <snowplow_tracker.self_describing_json.SelfDescribingJson object at 0x00000164BA109450>]}
[0m21:51:30.345181 [debug] [MainThread]: Flushing usage events
[0m21:53:33.954254 [debug] [MainThread]: Sending event: {'category': 'dbt', 'action': 'invocation', 'label': 'start', 'context': [<snowplow_tracker.self_describing_json.SelfDescribingJson object at 0x0000021CAACFF950>, <snowplow_tracker.self_describing_json.SelfDescribingJson object at 0x0000021CAAB03C90>, <snowplow_tracker.self_describing_json.SelfDescribingJson object at 0x0000021CA9A978D0>]}


============================== 21:53:33.967378 | dd28faeb-bcb5-49fc-aed6-6bac4d386cb7 ==============================
[0m21:53:33.967378 [info ] [MainThread]: Running with dbt=1.7.19
[0m21:53:33.970875 [debug] [MainThread]: running dbt with arguments {'printer_width': '80', 'indirect_selection': 'eager', 'write_json': 'True', 'log_cache_events': 'False', 'partial_parse': 'True', 'cache_selected_only': 'False', 'warn_error': 'None', 'version_check': 'True', 'fail_fast': 'False', 'log_path': 'C:\\Users\\usuario\\Desktop\\Data Project\\citypulse_analytics\\transformation\\logs', 'debug': 'False', 'profiles_dir': 'C:\\Users\\usuario\\.dbt', 'use_colors': 'True', 'use_experimental_parser': 'False', 'no_print': 'None', 'quiet': 'False', 'log_format': 'default', 'invocation_command': 'dbt run', 'introspect': 'True', 'warn_error_options': 'WarnErrorOptions(include=[], exclude=[])', 'target_path': 'None', 'static_parser': 'True', 'send_anonymous_usage_stats': 'True'}
[0m21:53:41.719396 [debug] [MainThread]: Sending event: {'category': 'dbt', 'action': 'project_id', 'label': 'dd28faeb-bcb5-49fc-aed6-6bac4d386cb7', 'context': [<snowplow_tracker.self_describing_json.SelfDescribingJson object at 0x0000021CBD3036D0>]}
[0m21:53:41.897028 [debug] [MainThread]: Sending event: {'category': 'dbt', 'action': 'adapter_info', 'label': 'dd28faeb-bcb5-49fc-aed6-6bac4d386cb7', 'context': [<snowplow_tracker.self_describing_json.SelfDescribingJson object at 0x0000021CBD3538D0>]}
[0m21:53:41.901143 [info ] [MainThread]: Registered adapter: bigquery=1.7.0
[0m21:53:41.935252 [debug] [MainThread]: checksum: a8d43cdff37d0f32d7fbe4c5c25bea4bb6c86e162f8ce8fdb1a38cdcf7495431, vars: {}, profile: , target: , version: 1.7.19
[0m21:53:42.410551 [debug] [MainThread]: Partial parsing enabled: 0 files deleted, 0 files added, 1 files changed.
[0m21:53:42.415389 [debug] [MainThread]: Partial parsing: updated file: citypulse://models\staging\stg_citibike.sql
[0m21:53:42.947096 [debug] [MainThread]: Sending event: {'category': 'dbt', 'action': 'load_project', 'label': 'dd28faeb-bcb5-49fc-aed6-6bac4d386cb7', 'context': [<snowplow_tracker.self_describing_json.SelfDescribingJson object at 0x0000021CBD36ACD0>]}
[0m21:53:42.986148 [debug] [MainThread]: Sending event: {'category': 'dbt', 'action': 'resource_counts', 'label': 'dd28faeb-bcb5-49fc-aed6-6bac4d386cb7', 'context': [<snowplow_tracker.self_describing_json.SelfDescribingJson object at 0x0000021CBD416050>]}
[0m21:53:42.996588 [info ] [MainThread]: Found 6 models, 13 tests, 3 sources, 0 exposures, 0 metrics, 447 macros, 0 groups, 0 semantic models
[0m21:53:42.997956 [debug] [MainThread]: Sending event: {'category': 'dbt', 'action': 'runnable_timing', 'label': 'dd28faeb-bcb5-49fc-aed6-6bac4d386cb7', 'context': [<snowplow_tracker.self_describing_json.SelfDescribingJson object at 0x0000021CBD3024D0>]}
[0m21:53:43.008203 [info ] [MainThread]: 
[0m21:53:43.011971 [debug] [MainThread]: Acquiring new bigquery connection 'master'
[0m21:53:43.022599 [debug] [ThreadPool]: Acquiring new bigquery connection 'list_project-6c4733db-2f24-496d-90f'
[0m21:53:43.024614 [debug] [ThreadPool]: Opening a new connection, currently in state init
[0m21:53:53.199382 [debug] [ThreadPool]: Opening a new connection, currently in state closed
[0m21:53:54.701977 [debug] [ThreadPool]: Acquiring new bigquery connection 'list_project-6c4733db-2f24-496d-90f_citypulse_marts_citypulse_marts'
[0m21:53:54.704488 [debug] [ThreadPool]: Opening a new connection, currently in state init
[0m21:53:56.175587 [debug] [ThreadPool]: Re-using an available connection from the pool (formerly list_project-6c4733db-2f24-496d-90f_citypulse_marts_citypulse_marts, now list_project-6c4733db-2f24-496d-90f_citypulse_marts_citypulse_staging)
[0m21:53:56.180494 [debug] [ThreadPool]: Opening a new connection, currently in state closed
[0m21:53:57.734478 [debug] [MainThread]: Sending event: {'category': 'dbt', 'action': 'runnable_timing', 'label': 'dd28faeb-bcb5-49fc-aed6-6bac4d386cb7', 'context': [<snowplow_tracker.self_describing_json.SelfDescribingJson object at 0x0000021CBA8087D0>]}
[0m21:53:57.740183 [info ] [MainThread]: Concurrency: 1 threads (target='dev')
[0m21:53:57.742558 [info ] [MainThread]: 
[0m21:53:57.754343 [debug] [Thread-1 (]: Began running node model.citypulse.stg_air_quality
[0m21:53:57.757453 [info ] [Thread-1 (]: 1 of 6 START sql view model citypulse_marts_citypulse_staging.stg_air_quality .. [RUN]
[0m21:53:57.761798 [debug] [Thread-1 (]: Acquiring new bigquery connection 'model.citypulse.stg_air_quality'
[0m21:53:57.764349 [debug] [Thread-1 (]: Began compiling node model.citypulse.stg_air_quality
[0m21:53:57.790671 [debug] [Thread-1 (]: Writing injected SQL for node "model.citypulse.stg_air_quality"
[0m21:53:57.797497 [debug] [Thread-1 (]: Timing info for model.citypulse.stg_air_quality (compile): 21:53:57.765774 => 21:53:57.794754
[0m21:53:57.797497 [debug] [Thread-1 (]: Began executing node model.citypulse.stg_air_quality
[0m21:53:57.908467 [debug] [Thread-1 (]: Writing runtime sql for node "model.citypulse.stg_air_quality"
[0m21:53:57.914178 [debug] [Thread-1 (]: Opening a new connection, currently in state init
[0m21:53:57.917822 [debug] [Thread-1 (]: On model.citypulse.stg_air_quality: /* {"app": "dbt", "dbt_version": "1.7.19", "profile_name": "citypulse", "target_name": "dev", "node_id": "model.citypulse.stg_air_quality"} */


  create or replace view `project-6c4733db-2f24-496d-90f`.`citypulse_marts_citypulse_staging`.`stg_air_quality`
  OPTIONS()
  as -- stg_air_quality.sql
-- Vista ligera sobre la tabla raw de calidad del aire.

with source as (
    select * from `project-6c4733db-2f24-496d-90f`.`citypulse_staging`.`air_quality`
),

staged as (
    select
        timestamp_micros(timestamp)         as timestamp,
        cast(date as date)                  as date,
        cast(pm2_5 as float64)              as pm2_5,
        cast(pm10 as float64)               as pm10,
        cast(ozone as float64)              as ozone,
        cast(us_aqi as int64)               as us_aqi,
        cast(aqi_category as string)        as aqi_category,
        cast(location as string)            as location
    from source
    where timestamp is not null
      and date is not null
)

select * from staged;


[0m21:53:59.608535 [debug] [Thread-1 (]: BigQuery adapter: https://console.cloud.google.com/bigquery?project=project-6c4733db-2f24-496d-90f&j=bq:us-central1:639284ce-37e2-42f4-ba89-7a7685f25fd8&page=queryresults
[0m21:54:00.172475 [debug] [Thread-1 (]: Timing info for model.citypulse.stg_air_quality (execute): 21:53:57.800860 => 21:54:00.171460
[0m21:54:00.176867 [debug] [Thread-1 (]: Sending event: {'category': 'dbt', 'action': 'run_model', 'label': 'dd28faeb-bcb5-49fc-aed6-6bac4d386cb7', 'context': [<snowplow_tracker.self_describing_json.SelfDescribingJson object at 0x0000021CBD5FAC50>]}
[0m21:54:00.181381 [info ] [Thread-1 (]: 1 of 6 OK created sql view model citypulse_marts_citypulse_staging.stg_air_quality  [[32mCREATE VIEW (0 processed)[0m in 2.42s]
[0m21:54:00.186881 [debug] [Thread-1 (]: Finished running node model.citypulse.stg_air_quality
[0m21:54:00.189408 [debug] [Thread-1 (]: Began running node model.citypulse.stg_citibike
[0m21:54:00.192681 [info ] [Thread-1 (]: 2 of 6 START sql view model citypulse_marts_citypulse_staging.stg_citibike ..... [RUN]
[0m21:54:00.198723 [debug] [Thread-1 (]: Re-using an available connection from the pool (formerly model.citypulse.stg_air_quality, now model.citypulse.stg_citibike)
[0m21:54:00.201750 [debug] [Thread-1 (]: Began compiling node model.citypulse.stg_citibike
[0m21:54:00.218795 [debug] [Thread-1 (]: Writing injected SQL for node "model.citypulse.stg_citibike"
[0m21:54:00.226873 [debug] [Thread-1 (]: Timing info for model.citypulse.stg_citibike (compile): 21:54:00.203383 => 21:54:00.224325
[0m21:54:00.229930 [debug] [Thread-1 (]: Began executing node model.citypulse.stg_citibike
[0m21:54:00.251865 [debug] [Thread-1 (]: Writing runtime sql for node "model.citypulse.stg_citibike"
[0m21:54:00.260908 [debug] [Thread-1 (]: Opening a new connection, currently in state closed
[0m21:54:00.266684 [debug] [Thread-1 (]: On model.citypulse.stg_citibike: /* {"app": "dbt", "dbt_version": "1.7.19", "profile_name": "citypulse", "target_name": "dev", "node_id": "model.citypulse.stg_citibike"} */


  create or replace view `project-6c4733db-2f24-496d-90f`.`citypulse_marts_citypulse_staging`.`stg_citibike`
  OPTIONS()
  as -- stg_citibike.sql
-- Vista ligera sobre la tabla raw de Citibike.
-- Filtra timestamps fuera de rango válido que pueden aparecer
-- en datos corruptos del CSV original.

with source as (
    select * from `project-6c4733db-2f24-496d-90f`.`citypulse_staging`.`citibike`
),

-- Primero filtramos en raw antes de convertir a TIMESTAMP
-- para evitar el error "TIMESTAMP value out of allowed range"
filtered as (
    select *
    from source
    where started_at is not null
      and ended_at is not null
      and duration_minutes > 0
      -- Los microsegundos válidos corresponden a fechas entre 2010 y 2030
      and started_at between 1262304000000000 and 1893456000000000
      and ended_at   between 1262304000000000 and 1893456000000000
),

staged as (
    select
        cast(ride_id as string)               as ride_id,
        cast(rideable_type as string)         as rideable_type,
        timestamp_micros(started_at)          as started_at,
        timestamp_micros(ended_at)            as ended_at,
        cast(start_station_name as string)    as start_station_name,
        cast(end_station_name as string)      as end_station_name,
        cast(start_lat as float64)            as start_lat,
        cast(start_lng as float64)            as start_lng,
        cast(end_lat as float64)              as end_lat,
        cast(end_lng as float64)              as end_lng,
        cast(member_casual as string)         as member_casual,
        cast(duration_minutes as float64)     as duration_minutes,
        cast(year as int64)                   as year,
        cast(month as int64)                  as month
    from filtered
)

select * from staged;


[0m21:54:01.914234 [debug] [Thread-1 (]: BigQuery adapter: https://console.cloud.google.com/bigquery?project=project-6c4733db-2f24-496d-90f&j=bq:us-central1:40dfa571-effc-41c8-9da2-7d7e83ed3832&page=queryresults
[0m21:54:02.424393 [debug] [Thread-1 (]: Timing info for model.citypulse.stg_citibike (execute): 21:54:00.231927 => 21:54:02.424393
[0m21:54:02.428179 [debug] [Thread-1 (]: Sending event: {'category': 'dbt', 'action': 'run_model', 'label': 'dd28faeb-bcb5-49fc-aed6-6bac4d386cb7', 'context': [<snowplow_tracker.self_describing_json.SelfDescribingJson object at 0x0000021CBD454290>]}
[0m21:54:02.431422 [info ] [Thread-1 (]: 2 of 6 OK created sql view model citypulse_marts_citypulse_staging.stg_citibike  [[32mCREATE VIEW (0 processed)[0m in 2.23s]
[0m21:54:02.434165 [debug] [Thread-1 (]: Finished running node model.citypulse.stg_citibike
[0m21:54:02.437623 [debug] [Thread-1 (]: Began running node model.citypulse.stg_weather
[0m21:54:02.440738 [info ] [Thread-1 (]: 3 of 6 START sql view model citypulse_marts_citypulse_staging.stg_weather ...... [RUN]
[0m21:54:02.444280 [debug] [Thread-1 (]: Re-using an available connection from the pool (formerly model.citypulse.stg_citibike, now model.citypulse.stg_weather)
[0m21:54:02.449320 [debug] [Thread-1 (]: Began compiling node model.citypulse.stg_weather
[0m21:54:02.471576 [debug] [Thread-1 (]: Writing injected SQL for node "model.citypulse.stg_weather"
[0m21:54:02.477628 [debug] [Thread-1 (]: Timing info for model.citypulse.stg_weather (compile): 21:54:02.451320 => 21:54:02.475624
[0m21:54:02.481452 [debug] [Thread-1 (]: Began executing node model.citypulse.stg_weather
[0m21:54:02.495538 [debug] [Thread-1 (]: Writing runtime sql for node "model.citypulse.stg_weather"
[0m21:54:02.501653 [debug] [Thread-1 (]: Opening a new connection, currently in state closed
[0m21:54:02.504157 [debug] [Thread-1 (]: On model.citypulse.stg_weather: /* {"app": "dbt", "dbt_version": "1.7.19", "profile_name": "citypulse", "target_name": "dev", "node_id": "model.citypulse.stg_weather"} */


  create or replace view `project-6c4733db-2f24-496d-90f`.`citypulse_marts_citypulse_staging`.`stg_weather`
  OPTIONS()
  as -- stg_weather.sql
-- Vista ligera sobre la tabla raw de clima.
-- Responsabilidad: renombrar columnas, castear tipos y descartar
-- filas inválidas. Sin lógica de negocio.

with source as (
    select * from `project-6c4733db-2f24-496d-90f`.`citypulse_staging`.`weather`
),

staged as (
    select
        timestamp_micros(timestamp)     as timestamp,
        cast(date as date)              as date,
        cast(temperature_c as float64)  as temperature_c,
        cast(precipitation_mm as float64) as precipitation_mm,
        cast(wind_speed_kmh as float64) as wind_speed_kmh,
        cast(humidity_pct as float64)   as humidity_pct,
        cast(location as string)        as location
    from source
    where timestamp is not null
      and date is not null
)

select * from staged;


[0m21:54:04.507330 [debug] [Thread-1 (]: BigQuery adapter: https://console.cloud.google.com/bigquery?project=project-6c4733db-2f24-496d-90f&j=bq:us-central1:e98e2bc6-b954-4435-8d6e-8fe26ccda2bb&page=queryresults
[0m21:54:04.934915 [debug] [Thread-1 (]: Timing info for model.citypulse.stg_weather (execute): 21:54:02.484479 => 21:54:04.931884
[0m21:54:04.940506 [debug] [Thread-1 (]: Sending event: {'category': 'dbt', 'action': 'run_model', 'label': 'dd28faeb-bcb5-49fc-aed6-6bac4d386cb7', 'context': [<snowplow_tracker.self_describing_json.SelfDescribingJson object at 0x0000021CBD675250>]}
[0m21:54:04.944542 [info ] [Thread-1 (]: 3 of 6 OK created sql view model citypulse_marts_citypulse_staging.stg_weather . [[32mCREATE VIEW (0 processed)[0m in 2.50s]
[0m21:54:04.962371 [debug] [Thread-1 (]: Finished running node model.citypulse.stg_weather
[0m21:54:04.966421 [debug] [Thread-1 (]: Began running node model.citypulse.daily_air_quality_summary
[0m21:54:04.980512 [info ] [Thread-1 (]: 4 of 6 START sql table model citypulse_marts_citypulse_marts.daily_air_quality_summary  [RUN]
[0m21:54:05.007964 [debug] [Thread-1 (]: Re-using an available connection from the pool (formerly model.citypulse.stg_weather, now model.citypulse.daily_air_quality_summary)
[0m21:54:05.011964 [debug] [Thread-1 (]: Began compiling node model.citypulse.daily_air_quality_summary
[0m21:54:05.041620 [debug] [Thread-1 (]: Writing injected SQL for node "model.citypulse.daily_air_quality_summary"
[0m21:54:05.055241 [debug] [Thread-1 (]: Timing info for model.citypulse.daily_air_quality_summary (compile): 21:54:05.015999 => 21:54:05.052162
[0m21:54:05.058245 [debug] [Thread-1 (]: Began executing node model.citypulse.daily_air_quality_summary
[0m21:54:05.130943 [debug] [Thread-1 (]: Opening a new connection, currently in state closed
[0m21:54:07.011018 [debug] [Thread-1 (]: Writing runtime sql for node "model.citypulse.daily_air_quality_summary"
[0m21:54:07.015678 [debug] [Thread-1 (]: On model.citypulse.daily_air_quality_summary: /* {"app": "dbt", "dbt_version": "1.7.19", "profile_name": "citypulse", "target_name": "dev", "node_id": "model.citypulse.daily_air_quality_summary"} */

  
    

    create or replace table `project-6c4733db-2f24-496d-90f`.`citypulse_marts_citypulse_marts`.`daily_air_quality_summary`
      
    
    

    OPTIONS()
    as (
      -- daily_air_quality_summary.sql
-- Resumen diario de calidad del aire para NYC.
-- Una fila por día con métricas agregadas y distribución de categorías AQI.

with daily as (
    select
        date,
        location,

        -- Métricas principales
        round(avg(pm2_5), 2)    as pm2_5_avg,
        round(max(pm2_5), 2)    as pm2_5_max,
        round(avg(pm10), 2)     as pm10_avg,
        round(avg(ozone), 2)    as ozone_avg,
        round(avg(us_aqi), 0)   as aqi_avg,
        max(us_aqi)             as aqi_max,

        -- Categoría dominante del día — la que más horas ocupa
        approx_top_count(aqi_category, 1)[offset(0)].value as aqi_dominant_category,

        -- Horas en cada categoría — útil para el dashboard
        countif(aqi_category = 'Good')                          as hours_good,
        countif(aqi_category = 'Moderate')                      as hours_moderate,
        countif(aqi_category = 'Unhealthy for Sensitive Groups') as hours_unhealthy_sensitive,
        countif(aqi_category = 'Unhealthy')                     as hours_unhealthy,
        countif(aqi_category = 'Very Unhealthy')                as hours_very_unhealthy,
        countif(aqi_category = 'Hazardous')                     as hours_hazardous

    from `project-6c4733db-2f24-496d-90f`.`citypulse_marts_citypulse_staging`.`stg_air_quality`
    group by date, location
)

select * from daily
order by date desc
    );
  
[0m21:54:07.741275 [debug] [Thread-1 (]: BigQuery adapter: https://console.cloud.google.com/bigquery?project=project-6c4733db-2f24-496d-90f&j=bq:us-central1:9e54b7fe-6174-46d7-995d-f64e3f92e824&page=queryresults
[0m21:54:09.755982 [debug] [Thread-1 (]: Timing info for model.citypulse.daily_air_quality_summary (execute): 21:54:05.061247 => 21:54:09.754531
[0m21:54:09.759119 [debug] [Thread-1 (]: Sending event: {'category': 'dbt', 'action': 'run_model', 'label': 'dd28faeb-bcb5-49fc-aed6-6bac4d386cb7', 'context': [<snowplow_tracker.self_describing_json.SelfDescribingJson object at 0x0000021CBD652C50>]}
[0m21:54:09.761155 [info ] [Thread-1 (]: 4 of 6 OK created sql table model citypulse_marts_citypulse_marts.daily_air_quality_summary  [[32mCREATE TABLE (1.0 rows, 1.5 KiB processed)[0m in 4.75s]
[0m21:54:09.764286 [debug] [Thread-1 (]: Finished running node model.citypulse.daily_air_quality_summary
[0m21:54:09.766826 [debug] [Thread-1 (]: Began running node model.citypulse.daily_mobility_summary
[0m21:54:09.769108 [info ] [Thread-1 (]: 5 of 6 START sql table model citypulse_marts_citypulse_marts.daily_mobility_summary  [RUN]
[0m21:54:09.773845 [debug] [Thread-1 (]: Re-using an available connection from the pool (formerly model.citypulse.daily_air_quality_summary, now model.citypulse.daily_mobility_summary)
[0m21:54:09.776461 [debug] [Thread-1 (]: Began compiling node model.citypulse.daily_mobility_summary
[0m21:54:09.795310 [debug] [Thread-1 (]: Writing injected SQL for node "model.citypulse.daily_mobility_summary"
[0m21:54:09.801317 [debug] [Thread-1 (]: Timing info for model.citypulse.daily_mobility_summary (compile): 21:54:09.778894 => 21:54:09.800312
[0m21:54:09.805382 [debug] [Thread-1 (]: Began executing node model.citypulse.daily_mobility_summary
[0m21:54:09.822686 [debug] [Thread-1 (]: Writing runtime sql for node "model.citypulse.daily_mobility_summary"
[0m21:54:09.828528 [debug] [Thread-1 (]: Opening a new connection, currently in state closed
[0m21:54:09.831570 [debug] [Thread-1 (]: On model.citypulse.daily_mobility_summary: /* {"app": "dbt", "dbt_version": "1.7.19", "profile_name": "citypulse", "target_name": "dev", "node_id": "model.citypulse.daily_mobility_summary"} */

  
    

    create or replace table `project-6c4733db-2f24-496d-90f`.`citypulse_marts_citypulse_marts`.`daily_mobility_summary`
      
    
    

    OPTIONS()
    as (
      -- daily_mobility_summary.sql
-- Resumen diario de movilidad en Citibike NYC.
-- Una fila por día con métricas de uso agregadas desde los viajes individuales.

with daily as (
    select
        date(started_at)                        as date,
        year,
        month,

        -- Volumen
        count(*)                                as total_rides,
        count(distinct start_station_name)      as active_start_stations,
        count(distinct end_station_name)        as active_end_stations,

        -- Duración
        round(avg(duration_minutes), 2)         as duration_avg_min,
        round(min(duration_minutes), 2)         as duration_min_min,
        round(max(duration_minutes), 2)         as duration_max_min,

        -- Tipo de usuario
        countif(member_casual = 'member')       as rides_member,
        countif(member_casual = 'casual')       as rides_casual,
        round(
            countif(member_casual = 'member') * 100.0 / count(*), 2
        )                                       as pct_member,

        -- Tipo de bicicleta
        countif(rideable_type = 'electric_bike') as rides_electric,
        countif(rideable_type = 'classic_bike')  as rides_classic,
        round(
            countif(rideable_type = 'electric_bike') * 100.0 / count(*), 2
        )                                        as pct_electric

    from `project-6c4733db-2f24-496d-90f`.`citypulse_marts_citypulse_staging`.`stg_citibike`
    group by date(started_at), year, month
)

select * from daily
order by date desc
    );
  
[0m21:54:11.557931 [debug] [Thread-1 (]: BigQuery adapter: https://console.cloud.google.com/bigquery?project=project-6c4733db-2f24-496d-90f&j=bq:us-central1:eaab30a2-feeb-40cf-b3bf-d466497dab3e&page=queryresults
[0m21:54:13.870608 [debug] [Thread-1 (]: Timing info for model.citypulse.daily_mobility_summary (execute): 21:54:09.809615 => 21:54:13.868459
[0m21:54:13.875299 [debug] [Thread-1 (]: Sending event: {'category': 'dbt', 'action': 'run_model', 'label': 'dd28faeb-bcb5-49fc-aed6-6bac4d386cb7', 'context': [<snowplow_tracker.self_describing_json.SelfDescribingJson object at 0x0000021CBD43A050>]}
[0m21:54:13.879676 [info ] [Thread-1 (]: 5 of 6 OK created sql table model citypulse_marts_citypulse_marts.daily_mobility_summary  [[32mCREATE TABLE (0.0 rows, 101.6 MiB processed)[0m in 4.10s]
[0m21:54:13.885382 [debug] [Thread-1 (]: Finished running node model.citypulse.daily_mobility_summary
[0m21:54:13.888569 [debug] [Thread-1 (]: Began running node model.citypulse.daily_weather_summary
[0m21:54:13.891616 [info ] [Thread-1 (]: 6 of 6 START sql table model citypulse_marts_citypulse_marts.daily_weather_summary  [RUN]
[0m21:54:13.896141 [debug] [Thread-1 (]: Re-using an available connection from the pool (formerly model.citypulse.daily_mobility_summary, now model.citypulse.daily_weather_summary)
[0m21:54:13.900263 [debug] [Thread-1 (]: Began compiling node model.citypulse.daily_weather_summary
[0m21:54:13.929233 [debug] [Thread-1 (]: Writing injected SQL for node "model.citypulse.daily_weather_summary"
[0m21:54:13.946298 [debug] [Thread-1 (]: Timing info for model.citypulse.daily_weather_summary (compile): 21:54:13.904314 => 21:54:13.938831
[0m21:54:13.955041 [debug] [Thread-1 (]: Began executing node model.citypulse.daily_weather_summary
[0m21:54:13.974822 [debug] [Thread-1 (]: Opening a new connection, currently in state closed
[0m21:54:15.423830 [debug] [Thread-1 (]: Writing runtime sql for node "model.citypulse.daily_weather_summary"
[0m21:54:15.428391 [debug] [Thread-1 (]: On model.citypulse.daily_weather_summary: /* {"app": "dbt", "dbt_version": "1.7.19", "profile_name": "citypulse", "target_name": "dev", "node_id": "model.citypulse.daily_weather_summary"} */

  
    

    create or replace table `project-6c4733db-2f24-496d-90f`.`citypulse_marts_citypulse_marts`.`daily_weather_summary`
      
    
    

    OPTIONS()
    as (
      -- daily_weather_summary.sql
-- Resumen diario de clima para NYC.
-- Una fila por día con las métricas agregadas desde los datos horarios.

with daily as (
    select
        date,
        location,

        -- Temperatura
        round(avg(temperature_c), 2)    as temp_avg_c,
        round(min(temperature_c), 2)    as temp_min_c,
        round(max(temperature_c), 2)    as temp_max_c,

        -- Precipitación — sumamos las horas para obtener el total del día
        round(sum(precipitation_mm), 2) as precipitation_total_mm,

        -- Viento
        round(avg(wind_speed_kmh), 2)   as wind_avg_kmh,
        round(max(wind_speed_kmh), 2)   as wind_max_kmh,

        -- Humedad
        round(avg(humidity_pct), 2)     as humidity_avg_pct

    from `project-6c4733db-2f24-496d-90f`.`citypulse_marts_citypulse_staging`.`stg_weather`
    group by date, location
)

select * from daily
order by date desc
    );
  
[0m21:54:16.128285 [debug] [Thread-1 (]: BigQuery adapter: https://console.cloud.google.com/bigquery?project=project-6c4733db-2f24-496d-90f&j=bq:us-central1:9625c7cf-792b-4cd1-b5a7-daddb721463a&page=queryresults
[0m21:54:18.098699 [debug] [Thread-1 (]: Timing info for model.citypulse.daily_weather_summary (execute): 21:54:13.957253 => 21:54:18.097667
[0m21:54:18.101937 [debug] [Thread-1 (]: Sending event: {'category': 'dbt', 'action': 'run_model', 'label': 'dd28faeb-bcb5-49fc-aed6-6bac4d386cb7', 'context': [<snowplow_tracker.self_describing_json.SelfDescribingJson object at 0x0000021CBD5F2B10>]}
[0m21:54:18.104469 [info ] [Thread-1 (]: 6 of 6 OK created sql table model citypulse_marts_citypulse_marts.daily_weather_summary  [[32mCREATE TABLE (1.0 rows, 1.2 KiB processed)[0m in 4.21s]
[0m21:54:18.108926 [debug] [Thread-1 (]: Finished running node model.citypulse.daily_weather_summary
[0m21:54:18.115008 [debug] [MainThread]: Connection 'master' was properly closed.
[0m21:54:18.117457 [debug] [MainThread]: Connection 'list_project-6c4733db-2f24-496d-90f' was properly closed.
[0m21:54:18.119818 [debug] [MainThread]: Connection 'list_project-6c4733db-2f24-496d-90f_citypulse_marts_citypulse_staging' was properly closed.
[0m21:54:18.121816 [debug] [MainThread]: Connection 'model.citypulse.daily_weather_summary' was properly closed.
[0m21:54:18.124337 [info ] [MainThread]: 
[0m21:54:18.126379 [info ] [MainThread]: Finished running 3 view models, 3 table models in 0 hours 0 minutes and 35.11 seconds (35.11s).
[0m21:54:18.134395 [debug] [MainThread]: Command end result
[0m21:54:18.219570 [info ] [MainThread]: 
[0m21:54:18.223103 [info ] [MainThread]: [32mCompleted successfully[0m
[0m21:54:18.225178 [info ] [MainThread]: 
[0m21:54:18.227954 [info ] [MainThread]: Done. PASS=6 WARN=0 ERROR=0 SKIP=0 TOTAL=6
[0m21:54:18.233557 [debug] [MainThread]: Command `dbt run` succeeded at 21:54:18.232041 after 44.48 seconds
[0m21:54:18.237086 [debug] [MainThread]: Sending event: {'category': 'dbt', 'action': 'invocation', 'label': 'end', 'context': [<snowplow_tracker.self_describing_json.SelfDescribingJson object at 0x0000021CAACCC810>, <snowplow_tracker.self_describing_json.SelfDescribingJson object at 0x0000021CAACFF750>, <snowplow_tracker.self_describing_json.SelfDescribingJson object at 0x0000021CAAAEF990>]}
[0m21:54:18.241086 [debug] [MainThread]: Flushing usage events
[0m21:57:19.014412 [debug] [MainThread]: Sending event: {'category': 'dbt', 'action': 'invocation', 'label': 'start', 'context': [<snowplow_tracker.self_describing_json.SelfDescribingJson object at 0x0000021A77B6FF90>, <snowplow_tracker.self_describing_json.SelfDescribingJson object at 0x0000021A77B35290>, <snowplow_tracker.self_describing_json.SelfDescribingJson object at 0x0000021A77B36890>]}


============================== 21:57:19.026047 | ff01f464-7050-414f-b4b7-b86136a00606 ==============================
[0m21:57:19.026047 [info ] [MainThread]: Running with dbt=1.7.19
[0m21:57:19.034581 [debug] [MainThread]: running dbt with arguments {'printer_width': '80', 'indirect_selection': 'eager', 'log_cache_events': 'False', 'write_json': 'True', 'partial_parse': 'True', 'cache_selected_only': 'False', 'profiles_dir': 'C:\\Users\\usuario\\.dbt', 'version_check': 'True', 'warn_error': 'None', 'log_path': 'C:\\Users\\usuario\\Desktop\\Data Project\\citypulse_analytics\\transformation\\logs', 'fail_fast': 'False', 'debug': 'False', 'use_colors': 'True', 'use_experimental_parser': 'False', 'no_print': 'None', 'quiet': 'False', 'warn_error_options': 'WarnErrorOptions(include=[], exclude=[])', 'introspect': 'True', 'static_parser': 'True', 'invocation_command': 'dbt run', 'target_path': 'None', 'log_format': 'default', 'send_anonymous_usage_stats': 'True'}
[0m21:57:26.987543 [debug] [MainThread]: Sending event: {'category': 'dbt', 'action': 'project_id', 'label': 'ff01f464-7050-414f-b4b7-b86136a00606', 'context': [<snowplow_tracker.self_describing_json.SelfDescribingJson object at 0x0000021A097B50D0>]}
[0m21:57:27.199793 [debug] [MainThread]: Sending event: {'category': 'dbt', 'action': 'adapter_info', 'label': 'ff01f464-7050-414f-b4b7-b86136a00606', 'context': [<snowplow_tracker.self_describing_json.SelfDescribingJson object at 0x0000021A0A04EE90>]}
[0m21:57:27.204376 [info ] [MainThread]: Registered adapter: bigquery=1.7.0
[0m21:57:27.234575 [debug] [MainThread]: checksum: a8d43cdff37d0f32d7fbe4c5c25bea4bb6c86e162f8ce8fdb1a38cdcf7495431, vars: {}, profile: , target: , version: 1.7.19
[0m21:57:27.606832 [debug] [MainThread]: Partial parsing enabled: 0 files deleted, 0 files added, 2 files changed.
[0m21:57:27.609015 [debug] [MainThread]: Partial parsing: updated file: citypulse://models\staging\stg_weather.sql
[0m21:57:27.612467 [debug] [MainThread]: Partial parsing: updated file: citypulse://models\staging\stg_air_quality.sql
[0m21:57:28.131056 [debug] [MainThread]: Sending event: {'category': 'dbt', 'action': 'load_project', 'label': 'ff01f464-7050-414f-b4b7-b86136a00606', 'context': [<snowplow_tracker.self_describing_json.SelfDescribingJson object at 0x0000021A0A196E90>]}
[0m21:57:28.179232 [debug] [MainThread]: Sending event: {'category': 'dbt', 'action': 'resource_counts', 'label': 'ff01f464-7050-414f-b4b7-b86136a00606', 'context': [<snowplow_tracker.self_describing_json.SelfDescribingJson object at 0x0000021A0A3009D0>]}
[0m21:57:28.181232 [info ] [MainThread]: Found 6 models, 13 tests, 3 sources, 0 exposures, 0 metrics, 447 macros, 0 groups, 0 semantic models
[0m21:57:28.183748 [debug] [MainThread]: Sending event: {'category': 'dbt', 'action': 'runnable_timing', 'label': 'ff01f464-7050-414f-b4b7-b86136a00606', 'context': [<snowplow_tracker.self_describing_json.SelfDescribingJson object at 0x0000021A0A452210>]}
[0m21:57:28.195965 [info ] [MainThread]: 
[0m21:57:28.200516 [debug] [MainThread]: Acquiring new bigquery connection 'master'
[0m21:57:28.209956 [debug] [ThreadPool]: Acquiring new bigquery connection 'list_project-6c4733db-2f24-496d-90f'
[0m21:57:28.211956 [debug] [ThreadPool]: Opening a new connection, currently in state init
[0m21:57:37.168965 [debug] [ThreadPool]: Opening a new connection, currently in state closed
[0m21:57:38.614398 [debug] [ThreadPool]: Acquiring new bigquery connection 'list_project-6c4733db-2f24-496d-90f_citypulse_marts_citypulse_marts'
[0m21:57:38.618534 [debug] [ThreadPool]: Opening a new connection, currently in state init
[0m21:57:40.038608 [debug] [ThreadPool]: Re-using an available connection from the pool (formerly list_project-6c4733db-2f24-496d-90f_citypulse_marts_citypulse_marts, now list_project-6c4733db-2f24-496d-90f_citypulse_marts_citypulse_staging)
[0m21:57:40.042671 [debug] [ThreadPool]: Opening a new connection, currently in state closed
[0m21:57:41.512627 [debug] [MainThread]: Sending event: {'category': 'dbt', 'action': 'runnable_timing', 'label': 'ff01f464-7050-414f-b4b7-b86136a00606', 'context': [<snowplow_tracker.self_describing_json.SelfDescribingJson object at 0x0000021A0A0DC850>]}
[0m21:57:41.516206 [info ] [MainThread]: Concurrency: 1 threads (target='dev')
[0m21:57:41.518842 [info ] [MainThread]: 
[0m21:57:41.662236 [debug] [Thread-1 (]: Began running node model.citypulse.stg_air_quality
[0m21:57:41.667100 [info ] [Thread-1 (]: 1 of 6 START sql view model citypulse_marts_citypulse_staging.stg_air_quality .. [RUN]
[0m21:57:41.709867 [debug] [Thread-1 (]: Acquiring new bigquery connection 'model.citypulse.stg_air_quality'
[0m21:57:41.713382 [debug] [Thread-1 (]: Began compiling node model.citypulse.stg_air_quality
[0m21:57:41.811412 [debug] [Thread-1 (]: Writing injected SQL for node "model.citypulse.stg_air_quality"
[0m21:57:41.818002 [debug] [Thread-1 (]: Timing info for model.citypulse.stg_air_quality (compile): 21:57:41.718473 => 21:57:41.816975
[0m21:57:41.821001 [debug] [Thread-1 (]: Began executing node model.citypulse.stg_air_quality
[0m21:57:42.077351 [debug] [Thread-1 (]: Writing runtime sql for node "model.citypulse.stg_air_quality"
[0m21:57:42.084158 [debug] [Thread-1 (]: Opening a new connection, currently in state init
[0m21:57:42.088203 [debug] [Thread-1 (]: On model.citypulse.stg_air_quality: /* {"app": "dbt", "dbt_version": "1.7.19", "profile_name": "citypulse", "target_name": "dev", "node_id": "model.citypulse.stg_air_quality"} */


  create or replace view `project-6c4733db-2f24-496d-90f`.`citypulse_marts_citypulse_staging`.`stg_air_quality`
  OPTIONS()
  as -- stg_air_quality.sql
-- Vista ligera sobre la tabla raw de calidad del aire.

with source as (
    select * from `project-6c4733db-2f24-496d-90f`.`citypulse_staging`.`air_quality`
),

filtered as (
    select *
    from source
    where timestamp is not null
      and date is not null
      -- Filtramos microsegundos fuera de rango válido (2010-2030)
      and timestamp between 1262304000000000 and 1893456000000000
),

staged as (
    select
        timestamp_micros(timestamp)         as timestamp,
        cast(date as date)                  as date,
        cast(pm2_5 as float64)              as pm2_5,
        cast(pm10 as float64)               as pm10,
        cast(ozone as float64)              as ozone,
        cast(us_aqi as int64)               as us_aqi,
        cast(aqi_category as string)        as aqi_category,
        cast(location as string)            as location
    from filtered
)

select * from staged;


[0m21:57:43.755677 [debug] [Thread-1 (]: BigQuery adapter: https://console.cloud.google.com/bigquery?project=project-6c4733db-2f24-496d-90f&j=bq:us-central1:5ca936ec-58e6-4dc6-ae3a-1f11648b162a&page=queryresults
[0m21:57:44.412323 [debug] [Thread-1 (]: Timing info for model.citypulse.stg_air_quality (execute): 21:57:41.823513 => 21:57:44.411320
[0m21:57:44.415573 [debug] [Thread-1 (]: Sending event: {'category': 'dbt', 'action': 'run_model', 'label': 'ff01f464-7050-414f-b4b7-b86136a00606', 'context': [<snowplow_tracker.self_describing_json.SelfDescribingJson object at 0x0000021A0A45FBD0>]}
[0m21:57:44.418218 [info ] [Thread-1 (]: 1 of 6 OK created sql view model citypulse_marts_citypulse_staging.stg_air_quality  [[32mCREATE VIEW (0 processed)[0m in 2.71s]
[0m21:57:44.422213 [debug] [Thread-1 (]: Finished running node model.citypulse.stg_air_quality
[0m21:57:44.425406 [debug] [Thread-1 (]: Began running node model.citypulse.stg_citibike
[0m21:57:44.427901 [info ] [Thread-1 (]: 2 of 6 START sql view model citypulse_marts_citypulse_staging.stg_citibike ..... [RUN]
[0m21:57:44.431101 [debug] [Thread-1 (]: Re-using an available connection from the pool (formerly model.citypulse.stg_air_quality, now model.citypulse.stg_citibike)
[0m21:57:44.434427 [debug] [Thread-1 (]: Began compiling node model.citypulse.stg_citibike
[0m21:57:44.458372 [debug] [Thread-1 (]: Writing injected SQL for node "model.citypulse.stg_citibike"
[0m21:57:44.464159 [debug] [Thread-1 (]: Timing info for model.citypulse.stg_citibike (compile): 21:57:44.438251 => 21:57:44.462615
[0m21:57:44.466192 [debug] [Thread-1 (]: Began executing node model.citypulse.stg_citibike
[0m21:57:44.483539 [debug] [Thread-1 (]: Writing runtime sql for node "model.citypulse.stg_citibike"
[0m21:57:44.493399 [debug] [Thread-1 (]: Opening a new connection, currently in state closed
[0m21:57:44.494434 [debug] [Thread-1 (]: On model.citypulse.stg_citibike: /* {"app": "dbt", "dbt_version": "1.7.19", "profile_name": "citypulse", "target_name": "dev", "node_id": "model.citypulse.stg_citibike"} */


  create or replace view `project-6c4733db-2f24-496d-90f`.`citypulse_marts_citypulse_staging`.`stg_citibike`
  OPTIONS()
  as -- stg_citibike.sql
-- Vista ligera sobre la tabla raw de Citibike.
-- Filtra timestamps fuera de rango válido que pueden aparecer
-- en datos corruptos del CSV original.

with source as (
    select * from `project-6c4733db-2f24-496d-90f`.`citypulse_staging`.`citibike`
),

-- Primero filtramos en raw antes de convertir a TIMESTAMP
-- para evitar el error "TIMESTAMP value out of allowed range"
filtered as (
    select *
    from source
    where started_at is not null
      and ended_at is not null
      and duration_minutes > 0
      -- Los microsegundos válidos corresponden a fechas entre 2010 y 2030
      and started_at between 1262304000000000 and 1893456000000000
      and ended_at   between 1262304000000000 and 1893456000000000
),

staged as (
    select
        cast(ride_id as string)               as ride_id,
        cast(rideable_type as string)         as rideable_type,
        timestamp_micros(started_at)          as started_at,
        timestamp_micros(ended_at)            as ended_at,
        cast(start_station_name as string)    as start_station_name,
        cast(end_station_name as string)      as end_station_name,
        cast(start_lat as float64)            as start_lat,
        cast(start_lng as float64)            as start_lng,
        cast(end_lat as float64)              as end_lat,
        cast(end_lng as float64)              as end_lng,
        cast(member_casual as string)         as member_casual,
        cast(duration_minutes as float64)     as duration_minutes,
        cast(year as int64)                   as year,
        cast(month as int64)                  as month
    from filtered
)

select * from staged;


[0m21:57:46.076406 [debug] [Thread-1 (]: BigQuery adapter: https://console.cloud.google.com/bigquery?project=project-6c4733db-2f24-496d-90f&j=bq:us-central1:3028fed7-6854-4302-98e2-98a737b74101&page=queryresults
[0m21:57:46.531949 [debug] [Thread-1 (]: Timing info for model.citypulse.stg_citibike (execute): 21:57:44.466192 => 21:57:46.531949
[0m21:57:46.535976 [debug] [Thread-1 (]: Sending event: {'category': 'dbt', 'action': 'run_model', 'label': 'ff01f464-7050-414f-b4b7-b86136a00606', 'context': [<snowplow_tracker.self_describing_json.SelfDescribingJson object at 0x0000021A0A2E6750>]}
[0m21:57:46.537976 [info ] [Thread-1 (]: 2 of 6 OK created sql view model citypulse_marts_citypulse_staging.stg_citibike  [[32mCREATE VIEW (0 processed)[0m in 2.11s]
[0m21:57:46.542615 [debug] [Thread-1 (]: Finished running node model.citypulse.stg_citibike
[0m21:57:46.545185 [debug] [Thread-1 (]: Began running node model.citypulse.stg_weather
[0m21:57:46.547742 [info ] [Thread-1 (]: 3 of 6 START sql view model citypulse_marts_citypulse_staging.stg_weather ...... [RUN]
[0m21:57:46.550810 [debug] [Thread-1 (]: Re-using an available connection from the pool (formerly model.citypulse.stg_citibike, now model.citypulse.stg_weather)
[0m21:57:46.553083 [debug] [Thread-1 (]: Began compiling node model.citypulse.stg_weather
[0m21:57:46.569574 [debug] [Thread-1 (]: Writing injected SQL for node "model.citypulse.stg_weather"
[0m21:57:46.581422 [debug] [Thread-1 (]: Timing info for model.citypulse.stg_weather (compile): 21:57:46.554608 => 21:57:46.578945
[0m21:57:46.584261 [debug] [Thread-1 (]: Began executing node model.citypulse.stg_weather
[0m21:57:46.599989 [debug] [Thread-1 (]: Writing runtime sql for node "model.citypulse.stg_weather"
[0m21:57:46.605027 [debug] [Thread-1 (]: Opening a new connection, currently in state closed
[0m21:57:46.612041 [debug] [Thread-1 (]: On model.citypulse.stg_weather: /* {"app": "dbt", "dbt_version": "1.7.19", "profile_name": "citypulse", "target_name": "dev", "node_id": "model.citypulse.stg_weather"} */


  create or replace view `project-6c4733db-2f24-496d-90f`.`citypulse_marts_citypulse_staging`.`stg_weather`
  OPTIONS()
  as -- stg_weather.sql
-- Vista ligera sobre la tabla raw de clima.

with source as (
    select * from `project-6c4733db-2f24-496d-90f`.`citypulse_staging`.`weather`
),

filtered as (
    select *
    from source
    where timestamp is not null
      and date is not null
      -- Filtramos microsegundos fuera de rango válido (2010-2030)
      and timestamp between 1262304000000000 and 1893456000000000
),

staged as (
    select
        timestamp_micros(timestamp)       as timestamp,
        cast(date as date)                as date,
        cast(temperature_c as float64)    as temperature_c,
        cast(precipitation_mm as float64) as precipitation_mm,
        cast(wind_speed_kmh as float64)   as wind_speed_kmh,
        cast(humidity_pct as float64)     as humidity_pct,
        cast(location as string)          as location
    from filtered
)

select * from staged;


[0m21:57:48.258683 [debug] [Thread-1 (]: BigQuery adapter: https://console.cloud.google.com/bigquery?project=project-6c4733db-2f24-496d-90f&j=bq:us-central1:b4a6ad4d-14fc-4e49-8b71-eac62a584c3c&page=queryresults
[0m21:57:48.702278 [debug] [Thread-1 (]: Timing info for model.citypulse.stg_weather (execute): 21:57:46.586373 => 21:57:48.701277
[0m21:57:48.706329 [debug] [Thread-1 (]: Sending event: {'category': 'dbt', 'action': 'run_model', 'label': 'ff01f464-7050-414f-b4b7-b86136a00606', 'context': [<snowplow_tracker.self_describing_json.SelfDescribingJson object at 0x0000021A0A542190>]}
[0m21:57:48.709335 [info ] [Thread-1 (]: 3 of 6 OK created sql view model citypulse_marts_citypulse_staging.stg_weather . [[32mCREATE VIEW (0 processed)[0m in 2.16s]
[0m21:57:48.714226 [debug] [Thread-1 (]: Finished running node model.citypulse.stg_weather
[0m21:57:48.716295 [debug] [Thread-1 (]: Began running node model.citypulse.daily_air_quality_summary
[0m21:57:48.718375 [info ] [Thread-1 (]: 4 of 6 START sql table model citypulse_marts_citypulse_marts.daily_air_quality_summary  [RUN]
[0m21:57:48.721415 [debug] [Thread-1 (]: Re-using an available connection from the pool (formerly model.citypulse.stg_weather, now model.citypulse.daily_air_quality_summary)
[0m21:57:48.723937 [debug] [Thread-1 (]: Began compiling node model.citypulse.daily_air_quality_summary
[0m21:57:48.757200 [debug] [Thread-1 (]: Writing injected SQL for node "model.citypulse.daily_air_quality_summary"
[0m21:57:48.767548 [debug] [Thread-1 (]: Timing info for model.citypulse.daily_air_quality_summary (compile): 21:57:48.726780 => 21:57:48.765545
[0m21:57:48.770546 [debug] [Thread-1 (]: Began executing node model.citypulse.daily_air_quality_summary
[0m21:57:48.817985 [debug] [Thread-1 (]: Opening a new connection, currently in state closed
[0m21:57:50.373445 [debug] [Thread-1 (]: Writing runtime sql for node "model.citypulse.daily_air_quality_summary"
[0m21:57:50.381322 [debug] [Thread-1 (]: On model.citypulse.daily_air_quality_summary: /* {"app": "dbt", "dbt_version": "1.7.19", "profile_name": "citypulse", "target_name": "dev", "node_id": "model.citypulse.daily_air_quality_summary"} */

  
    

    create or replace table `project-6c4733db-2f24-496d-90f`.`citypulse_marts_citypulse_marts`.`daily_air_quality_summary`
      
    
    

    OPTIONS()
    as (
      -- daily_air_quality_summary.sql
-- Resumen diario de calidad del aire para NYC.
-- Una fila por día con métricas agregadas y distribución de categorías AQI.

with daily as (
    select
        date,
        location,

        -- Métricas principales
        round(avg(pm2_5), 2)    as pm2_5_avg,
        round(max(pm2_5), 2)    as pm2_5_max,
        round(avg(pm10), 2)     as pm10_avg,
        round(avg(ozone), 2)    as ozone_avg,
        round(avg(us_aqi), 0)   as aqi_avg,
        max(us_aqi)             as aqi_max,

        -- Categoría dominante del día — la que más horas ocupa
        approx_top_count(aqi_category, 1)[offset(0)].value as aqi_dominant_category,

        -- Horas en cada categoría — útil para el dashboard
        countif(aqi_category = 'Good')                          as hours_good,
        countif(aqi_category = 'Moderate')                      as hours_moderate,
        countif(aqi_category = 'Unhealthy for Sensitive Groups') as hours_unhealthy_sensitive,
        countif(aqi_category = 'Unhealthy')                     as hours_unhealthy,
        countif(aqi_category = 'Very Unhealthy')                as hours_very_unhealthy,
        countif(aqi_category = 'Hazardous')                     as hours_hazardous

    from `project-6c4733db-2f24-496d-90f`.`citypulse_marts_citypulse_staging`.`stg_air_quality`
    group by date, location
)

select * from daily
order by date desc
    );
  
[0m21:57:51.026511 [debug] [Thread-1 (]: BigQuery adapter: https://console.cloud.google.com/bigquery?project=project-6c4733db-2f24-496d-90f&j=bq:us-central1:2a4b6abe-7492-4dda-98d2-c5b64250cb7d&page=queryresults
[0m21:57:53.405330 [debug] [Thread-1 (]: Timing info for model.citypulse.daily_air_quality_summary (execute): 21:57:48.772546 => 21:57:53.404518
[0m21:57:53.407499 [debug] [Thread-1 (]: Sending event: {'category': 'dbt', 'action': 'run_model', 'label': 'ff01f464-7050-414f-b4b7-b86136a00606', 'context': [<snowplow_tracker.self_describing_json.SelfDescribingJson object at 0x0000021A0A2DB710>]}
[0m21:57:53.410675 [info ] [Thread-1 (]: 4 of 6 OK created sql table model citypulse_marts_citypulse_marts.daily_air_quality_summary  [[32mCREATE TABLE (0.0 rows, 1.5 KiB processed)[0m in 4.69s]
[0m21:57:53.413978 [debug] [Thread-1 (]: Finished running node model.citypulse.daily_air_quality_summary
[0m21:57:53.416318 [debug] [Thread-1 (]: Began running node model.citypulse.daily_mobility_summary
[0m21:57:53.418604 [info ] [Thread-1 (]: 5 of 6 START sql table model citypulse_marts_citypulse_marts.daily_mobility_summary  [RUN]
[0m21:57:53.420731 [debug] [Thread-1 (]: Re-using an available connection from the pool (formerly model.citypulse.daily_air_quality_summary, now model.citypulse.daily_mobility_summary)
[0m21:57:53.422971 [debug] [Thread-1 (]: Began compiling node model.citypulse.daily_mobility_summary
[0m21:57:53.433536 [debug] [Thread-1 (]: Writing injected SQL for node "model.citypulse.daily_mobility_summary"
[0m21:57:53.438543 [debug] [Thread-1 (]: Timing info for model.citypulse.daily_mobility_summary (compile): 21:57:53.423480 => 21:57:53.436755
[0m21:57:53.441633 [debug] [Thread-1 (]: Began executing node model.citypulse.daily_mobility_summary
[0m21:57:53.449956 [debug] [Thread-1 (]: Opening a new connection, currently in state closed
[0m21:57:54.882196 [debug] [Thread-1 (]: Writing runtime sql for node "model.citypulse.daily_mobility_summary"
[0m21:57:54.886640 [debug] [Thread-1 (]: On model.citypulse.daily_mobility_summary: /* {"app": "dbt", "dbt_version": "1.7.19", "profile_name": "citypulse", "target_name": "dev", "node_id": "model.citypulse.daily_mobility_summary"} */

  
    

    create or replace table `project-6c4733db-2f24-496d-90f`.`citypulse_marts_citypulse_marts`.`daily_mobility_summary`
      
    
    

    OPTIONS()
    as (
      -- daily_mobility_summary.sql
-- Resumen diario de movilidad en Citibike NYC.
-- Una fila por día con métricas de uso agregadas desde los viajes individuales.

with daily as (
    select
        date(started_at)                        as date,
        year,
        month,

        -- Volumen
        count(*)                                as total_rides,
        count(distinct start_station_name)      as active_start_stations,
        count(distinct end_station_name)        as active_end_stations,

        -- Duración
        round(avg(duration_minutes), 2)         as duration_avg_min,
        round(min(duration_minutes), 2)         as duration_min_min,
        round(max(duration_minutes), 2)         as duration_max_min,

        -- Tipo de usuario
        countif(member_casual = 'member')       as rides_member,
        countif(member_casual = 'casual')       as rides_casual,
        round(
            countif(member_casual = 'member') * 100.0 / count(*), 2
        )                                       as pct_member,

        -- Tipo de bicicleta
        countif(rideable_type = 'electric_bike') as rides_electric,
        countif(rideable_type = 'classic_bike')  as rides_classic,
        round(
            countif(rideable_type = 'electric_bike') * 100.0 / count(*), 2
        )                                        as pct_electric

    from `project-6c4733db-2f24-496d-90f`.`citypulse_marts_citypulse_staging`.`stg_citibike`
    group by date(started_at), year, month
)

select * from daily
order by date desc
    );
  
[0m21:57:55.595288 [debug] [Thread-1 (]: BigQuery adapter: https://console.cloud.google.com/bigquery?project=project-6c4733db-2f24-496d-90f&j=bq:us-central1:d2359d21-dbbd-4c70-8cad-3a44d54fee01&page=queryresults
[0m21:57:59.359283 [debug] [Thread-1 (]: Timing info for model.citypulse.daily_mobility_summary (execute): 21:57:53.443792 => 21:57:59.359283
[0m21:57:59.364566 [debug] [Thread-1 (]: Sending event: {'category': 'dbt', 'action': 'run_model', 'label': 'ff01f464-7050-414f-b4b7-b86136a00606', 'context': [<snowplow_tracker.self_describing_json.SelfDescribingJson object at 0x0000021A0A28D350>]}
[0m21:57:59.364566 [info ] [Thread-1 (]: 5 of 6 OK created sql table model citypulse_marts_citypulse_marts.daily_mobility_summary  [[32mCREATE TABLE (0.0 rows, 101.6 MiB processed)[0m in 5.94s]
[0m21:57:59.371845 [debug] [Thread-1 (]: Finished running node model.citypulse.daily_mobility_summary
[0m21:57:59.374376 [debug] [Thread-1 (]: Began running node model.citypulse.daily_weather_summary
[0m21:57:59.380791 [info ] [Thread-1 (]: 6 of 6 START sql table model citypulse_marts_citypulse_marts.daily_weather_summary  [RUN]
[0m21:57:59.390198 [debug] [Thread-1 (]: Re-using an available connection from the pool (formerly model.citypulse.daily_mobility_summary, now model.citypulse.daily_weather_summary)
[0m21:57:59.396886 [debug] [Thread-1 (]: Began compiling node model.citypulse.daily_weather_summary
[0m21:57:59.416587 [debug] [Thread-1 (]: Writing injected SQL for node "model.citypulse.daily_weather_summary"
[0m21:57:59.427464 [debug] [Thread-1 (]: Timing info for model.citypulse.daily_weather_summary (compile): 21:57:59.397924 => 21:57:59.425936
[0m21:57:59.430637 [debug] [Thread-1 (]: Began executing node model.citypulse.daily_weather_summary
[0m21:57:59.445651 [debug] [Thread-1 (]: Opening a new connection, currently in state closed
[0m21:58:01.093392 [debug] [Thread-1 (]: Writing runtime sql for node "model.citypulse.daily_weather_summary"
[0m21:58:01.098908 [debug] [Thread-1 (]: On model.citypulse.daily_weather_summary: /* {"app": "dbt", "dbt_version": "1.7.19", "profile_name": "citypulse", "target_name": "dev", "node_id": "model.citypulse.daily_weather_summary"} */

  
    

    create or replace table `project-6c4733db-2f24-496d-90f`.`citypulse_marts_citypulse_marts`.`daily_weather_summary`
      
    
    

    OPTIONS()
    as (
      -- daily_weather_summary.sql
-- Resumen diario de clima para NYC.
-- Una fila por día con las métricas agregadas desde los datos horarios.

with daily as (
    select
        date,
        location,

        -- Temperatura
        round(avg(temperature_c), 2)    as temp_avg_c,
        round(min(temperature_c), 2)    as temp_min_c,
        round(max(temperature_c), 2)    as temp_max_c,

        -- Precipitación — sumamos las horas para obtener el total del día
        round(sum(precipitation_mm), 2) as precipitation_total_mm,

        -- Viento
        round(avg(wind_speed_kmh), 2)   as wind_avg_kmh,
        round(max(wind_speed_kmh), 2)   as wind_max_kmh,

        -- Humedad
        round(avg(humidity_pct), 2)     as humidity_avg_pct

    from `project-6c4733db-2f24-496d-90f`.`citypulse_marts_citypulse_staging`.`stg_weather`
    group by date, location
)

select * from daily
order by date desc
    );
  
[0m21:58:01.734990 [debug] [Thread-1 (]: BigQuery adapter: https://console.cloud.google.com/bigquery?project=project-6c4733db-2f24-496d-90f&j=bq:us-central1:c959dc79-e822-49d1-959c-faacfdd2e9d1&page=queryresults
[0m21:58:03.812561 [debug] [Thread-1 (]: Timing info for model.citypulse.daily_weather_summary (execute): 21:57:59.432180 => 21:58:03.810534
[0m21:58:03.816661 [debug] [Thread-1 (]: Sending event: {'category': 'dbt', 'action': 'run_model', 'label': 'ff01f464-7050-414f-b4b7-b86136a00606', 'context': [<snowplow_tracker.self_describing_json.SelfDescribingJson object at 0x0000021A0A241810>]}
[0m21:58:03.819672 [info ] [Thread-1 (]: 6 of 6 OK created sql table model citypulse_marts_citypulse_marts.daily_weather_summary  [[32mCREATE TABLE (0.0 rows, 1.2 KiB processed)[0m in 4.43s]
[0m21:58:03.824213 [debug] [Thread-1 (]: Finished running node model.citypulse.daily_weather_summary
[0m21:58:03.830242 [debug] [MainThread]: Connection 'master' was properly closed.
[0m21:58:03.832243 [debug] [MainThread]: Connection 'list_project-6c4733db-2f24-496d-90f' was properly closed.
[0m21:58:03.836421 [debug] [MainThread]: Connection 'list_project-6c4733db-2f24-496d-90f_citypulse_marts_citypulse_staging' was properly closed.
[0m21:58:03.841525 [debug] [MainThread]: Connection 'model.citypulse.daily_weather_summary' was properly closed.
[0m21:58:03.845070 [info ] [MainThread]: 
[0m21:58:03.848082 [info ] [MainThread]: Finished running 3 view models, 3 table models in 0 hours 0 minutes and 35.64 seconds (35.64s).
[0m21:58:03.857120 [debug] [MainThread]: Command end result
[0m21:58:03.959243 [info ] [MainThread]: 
[0m21:58:03.963921 [info ] [MainThread]: [32mCompleted successfully[0m
[0m21:58:03.967535 [info ] [MainThread]: 
[0m21:58:03.969992 [info ] [MainThread]: Done. PASS=6 WARN=0 ERROR=0 SKIP=0 TOTAL=6
[0m21:58:03.978056 [debug] [MainThread]: Command `dbt run` succeeded at 21:58:03.977006 after 45.16 seconds
[0m21:58:03.980104 [debug] [MainThread]: Sending event: {'category': 'dbt', 'action': 'invocation', 'label': 'end', 'context': [<snowplow_tracker.self_describing_json.SelfDescribingJson object at 0x0000021A77B25B90>, <snowplow_tracker.self_describing_json.SelfDescribingJson object at 0x0000021A70AE9790>, <snowplow_tracker.self_describing_json.SelfDescribingJson object at 0x0000021A70AE9350>]}
[0m21:58:03.983584 [debug] [MainThread]: Flushing usage events
[0m22:01:31.860262 [debug] [MainThread]: Sending event: {'category': 'dbt', 'action': 'invocation', 'label': 'start', 'context': [<snowplow_tracker.self_describing_json.SelfDescribingJson object at 0x000001EA4E032C50>, <snowplow_tracker.self_describing_json.SelfDescribingJson object at 0x000001EA4E05FF10>, <snowplow_tracker.self_describing_json.SelfDescribingJson object at 0x000001EA4E01E790>]}


============================== 22:01:31.874537 | 7788485a-f5dd-4fd3-98a6-4cefd5ce623e ==============================
[0m22:01:31.874537 [info ] [MainThread]: Running with dbt=1.7.19
[0m22:01:31.878578 [debug] [MainThread]: running dbt with arguments {'printer_width': '80', 'indirect_selection': 'eager', 'log_cache_events': 'False', 'write_json': 'True', 'partial_parse': 'True', 'cache_selected_only': 'False', 'warn_error': 'None', 'debug': 'False', 'version_check': 'True', 'log_path': 'C:\\Users\\usuario\\Desktop\\Data Project\\citypulse_analytics\\transformation\\logs', 'fail_fast': 'False', 'profiles_dir': 'C:\\Users\\usuario\\.dbt', 'use_colors': 'True', 'use_experimental_parser': 'False', 'no_print': 'None', 'quiet': 'False', 'warn_error_options': 'WarnErrorOptions(include=[], exclude=[])', 'introspect': 'True', 'invocation_command': 'dbt run', 'log_format': 'default', 'target_path': 'None', 'static_parser': 'True', 'send_anonymous_usage_stats': 'True'}
[0m22:01:38.951483 [debug] [MainThread]: Sending event: {'category': 'dbt', 'action': 'project_id', 'label': '7788485a-f5dd-4fd3-98a6-4cefd5ce623e', 'context': [<snowplow_tracker.self_describing_json.SelfDescribingJson object at 0x000001EA5FD216D0>]}
[0m22:01:39.143526 [debug] [MainThread]: Sending event: {'category': 'dbt', 'action': 'adapter_info', 'label': '7788485a-f5dd-4fd3-98a6-4cefd5ce623e', 'context': [<snowplow_tracker.self_describing_json.SelfDescribingJson object at 0x000001EA5E50AED0>]}
[0m22:01:39.148319 [info ] [MainThread]: Registered adapter: bigquery=1.7.0
[0m22:01:39.191600 [debug] [MainThread]: checksum: a8d43cdff37d0f32d7fbe4c5c25bea4bb6c86e162f8ce8fdb1a38cdcf7495431, vars: {}, profile: , target: , version: 1.7.19
[0m22:01:39.541954 [debug] [MainThread]: Partial parsing enabled: 0 files deleted, 1 files added, 0 files changed.
[0m22:01:39.544513 [debug] [MainThread]: Partial parsing: added file: citypulse://macros\generate_schema_name.sql
[0m22:01:39.544513 [info ] [MainThread]: Unable to do partial parsing because change detected to override macro. Starting full parse.
[0m22:01:43.952524 [debug] [MainThread]: Sending event: {'category': 'dbt', 'action': 'load_project', 'label': '7788485a-f5dd-4fd3-98a6-4cefd5ce623e', 'context': [<snowplow_tracker.self_describing_json.SelfDescribingJson object at 0x000001EA605D6850>]}
[0m22:01:43.999186 [debug] [MainThread]: Sending event: {'category': 'dbt', 'action': 'resource_counts', 'label': '7788485a-f5dd-4fd3-98a6-4cefd5ce623e', 'context': [<snowplow_tracker.self_describing_json.SelfDescribingJson object at 0x000001EA6050DD90>]}
[0m22:01:44.002210 [info ] [MainThread]: Found 6 models, 13 tests, 3 sources, 0 exposures, 0 metrics, 448 macros, 0 groups, 0 semantic models
[0m22:01:44.004265 [debug] [MainThread]: Sending event: {'category': 'dbt', 'action': 'runnable_timing', 'label': '7788485a-f5dd-4fd3-98a6-4cefd5ce623e', 'context': [<snowplow_tracker.self_describing_json.SelfDescribingJson object at 0x000001EA60A11A10>]}
[0m22:01:44.013420 [info ] [MainThread]: 
[0m22:01:44.018449 [debug] [MainThread]: Acquiring new bigquery connection 'master'
[0m22:01:44.025875 [debug] [ThreadPool]: Acquiring new bigquery connection 'list_project-6c4733db-2f24-496d-90f'
[0m22:01:44.033586 [debug] [ThreadPool]: Opening a new connection, currently in state init
[0m22:01:52.972503 [debug] [ThreadPool]: Opening a new connection, currently in state closed
[0m22:01:54.494123 [debug] [ThreadPool]: Acquiring new bigquery connection 'list_project-6c4733db-2f24-496d-90f_citypulse_marts'
[0m22:01:54.500051 [debug] [ThreadPool]: Opening a new connection, currently in state init
[0m22:01:55.914304 [debug] [ThreadPool]: Re-using an available connection from the pool (formerly list_project-6c4733db-2f24-496d-90f_citypulse_marts, now list_project-6c4733db-2f24-496d-90f_citypulse_staging)
[0m22:01:55.916136 [debug] [ThreadPool]: Opening a new connection, currently in state closed
[0m22:01:57.411740 [debug] [MainThread]: Sending event: {'category': 'dbt', 'action': 'runnable_timing', 'label': '7788485a-f5dd-4fd3-98a6-4cefd5ce623e', 'context': [<snowplow_tracker.self_describing_json.SelfDescribingJson object at 0x000001EA60B06890>]}
[0m22:01:57.415321 [info ] [MainThread]: Concurrency: 1 threads (target='dev')
[0m22:01:57.417557 [info ] [MainThread]: 
[0m22:01:57.454295 [debug] [Thread-1 (]: Began running node model.citypulse.stg_air_quality
[0m22:01:57.458110 [info ] [Thread-1 (]: 1 of 6 START sql view model citypulse_staging.stg_air_quality .................. [RUN]
[0m22:01:57.466934 [debug] [Thread-1 (]: Acquiring new bigquery connection 'model.citypulse.stg_air_quality'
[0m22:01:57.469936 [debug] [Thread-1 (]: Began compiling node model.citypulse.stg_air_quality
[0m22:01:57.523581 [debug] [Thread-1 (]: Writing injected SQL for node "model.citypulse.stg_air_quality"
[0m22:01:57.532043 [debug] [Thread-1 (]: Timing info for model.citypulse.stg_air_quality (compile): 22:01:57.472072 => 22:01:57.531041
[0m22:01:57.536084 [debug] [Thread-1 (]: Began executing node model.citypulse.stg_air_quality
[0m22:01:57.654803 [debug] [Thread-1 (]: Writing runtime sql for node "model.citypulse.stg_air_quality"
[0m22:01:57.659805 [debug] [Thread-1 (]: Opening a new connection, currently in state init
[0m22:01:57.663296 [debug] [Thread-1 (]: On model.citypulse.stg_air_quality: /* {"app": "dbt", "dbt_version": "1.7.19", "profile_name": "citypulse", "target_name": "dev", "node_id": "model.citypulse.stg_air_quality"} */


  create or replace view `project-6c4733db-2f24-496d-90f`.`citypulse_staging`.`stg_air_quality`
  OPTIONS()
  as -- stg_air_quality.sql
-- Vista ligera sobre la tabla raw de calidad del aire.

with source as (
    select * from `project-6c4733db-2f24-496d-90f`.`citypulse_staging`.`air_quality`
),

filtered as (
    select *
    from source
    where timestamp is not null
      and date is not null
      -- Filtramos microsegundos fuera de rango válido (2010-2030)
      and timestamp between 1262304000000000 and 1893456000000000
),

staged as (
    select
        timestamp_micros(timestamp)         as timestamp,
        cast(date as date)                  as date,
        cast(pm2_5 as float64)              as pm2_5,
        cast(pm10 as float64)               as pm10,
        cast(ozone as float64)              as ozone,
        cast(us_aqi as int64)               as us_aqi,
        cast(aqi_category as string)        as aqi_category,
        cast(location as string)            as location
    from filtered
)

select * from staged;


[0m22:01:59.454525 [debug] [Thread-1 (]: BigQuery adapter: https://console.cloud.google.com/bigquery?project=project-6c4733db-2f24-496d-90f&j=bq:us-central1:18bcc1b5-238a-4440-a186-f9a85f7277f5&page=queryresults
[0m22:02:00.016081 [debug] [Thread-1 (]: Timing info for model.citypulse.stg_air_quality (execute): 22:01:57.537857 => 22:02:00.015077
[0m22:02:00.021080 [debug] [Thread-1 (]: Sending event: {'category': 'dbt', 'action': 'run_model', 'label': '7788485a-f5dd-4fd3-98a6-4cefd5ce623e', 'context': [<snowplow_tracker.self_describing_json.SelfDescribingJson object at 0x000001EA605B6B10>]}
[0m22:02:00.025108 [info ] [Thread-1 (]: 1 of 6 OK created sql view model citypulse_staging.stg_air_quality ............. [[32mCREATE VIEW (0 processed)[0m in 2.56s]
[0m22:02:00.030111 [debug] [Thread-1 (]: Finished running node model.citypulse.stg_air_quality
[0m22:02:00.033627 [debug] [Thread-1 (]: Began running node model.citypulse.stg_citibike
[0m22:02:00.037460 [info ] [Thread-1 (]: 2 of 6 START sql view model citypulse_staging.stg_citibike ..................... [RUN]
[0m22:02:00.042973 [debug] [Thread-1 (]: Re-using an available connection from the pool (formerly model.citypulse.stg_air_quality, now model.citypulse.stg_citibike)
[0m22:02:00.046811 [debug] [Thread-1 (]: Began compiling node model.citypulse.stg_citibike
[0m22:02:00.062353 [debug] [Thread-1 (]: Writing injected SQL for node "model.citypulse.stg_citibike"
[0m22:02:00.069450 [debug] [Thread-1 (]: Timing info for model.citypulse.stg_citibike (compile): 22:02:00.048811 => 22:02:00.068456
[0m22:02:00.073450 [debug] [Thread-1 (]: Began executing node model.citypulse.stg_citibike
[0m22:02:00.091569 [debug] [Thread-1 (]: Writing runtime sql for node "model.citypulse.stg_citibike"
[0m22:02:00.097331 [debug] [Thread-1 (]: Opening a new connection, currently in state closed
[0m22:02:00.102363 [debug] [Thread-1 (]: On model.citypulse.stg_citibike: /* {"app": "dbt", "dbt_version": "1.7.19", "profile_name": "citypulse", "target_name": "dev", "node_id": "model.citypulse.stg_citibike"} */


  create or replace view `project-6c4733db-2f24-496d-90f`.`citypulse_staging`.`stg_citibike`
  OPTIONS()
  as -- stg_citibike.sql
-- Vista ligera sobre la tabla raw de Citibike.
-- Filtra timestamps fuera de rango válido que pueden aparecer
-- en datos corruptos del CSV original.

with source as (
    select * from `project-6c4733db-2f24-496d-90f`.`citypulse_staging`.`citibike`
),

-- Primero filtramos en raw antes de convertir a TIMESTAMP
-- para evitar el error "TIMESTAMP value out of allowed range"
filtered as (
    select *
    from source
    where started_at is not null
      and ended_at is not null
      and duration_minutes > 0
      -- Los microsegundos válidos corresponden a fechas entre 2010 y 2030
      and started_at between 1262304000000000 and 1893456000000000
      and ended_at   between 1262304000000000 and 1893456000000000
),

staged as (
    select
        cast(ride_id as string)               as ride_id,
        cast(rideable_type as string)         as rideable_type,
        timestamp_micros(started_at)          as started_at,
        timestamp_micros(ended_at)            as ended_at,
        cast(start_station_name as string)    as start_station_name,
        cast(end_station_name as string)      as end_station_name,
        cast(start_lat as float64)            as start_lat,
        cast(start_lng as float64)            as start_lng,
        cast(end_lat as float64)              as end_lat,
        cast(end_lng as float64)              as end_lng,
        cast(member_casual as string)         as member_casual,
        cast(duration_minutes as float64)     as duration_minutes,
        cast(year as int64)                   as year,
        cast(month as int64)                  as month
    from filtered
)

select * from staged;


[0m22:02:01.811124 [debug] [Thread-1 (]: BigQuery adapter: https://console.cloud.google.com/bigquery?project=project-6c4733db-2f24-496d-90f&j=bq:us-central1:179f345c-28ae-433c-b433-9056cad9b926&page=queryresults
[0m22:02:02.239478 [debug] [Thread-1 (]: Timing info for model.citypulse.stg_citibike (execute): 22:02:00.075509 => 22:02:02.238463
[0m22:02:02.243501 [debug] [Thread-1 (]: Sending event: {'category': 'dbt', 'action': 'run_model', 'label': '7788485a-f5dd-4fd3-98a6-4cefd5ce623e', 'context': [<snowplow_tracker.self_describing_json.SelfDescribingJson object at 0x000001EA4E023950>]}
[0m22:02:02.246137 [info ] [Thread-1 (]: 2 of 6 OK created sql view model citypulse_staging.stg_citibike ................ [[32mCREATE VIEW (0 processed)[0m in 2.20s]
[0m22:02:02.250294 [debug] [Thread-1 (]: Finished running node model.citypulse.stg_citibike
[0m22:02:02.253517 [debug] [Thread-1 (]: Began running node model.citypulse.stg_weather
[0m22:02:02.256454 [info ] [Thread-1 (]: 3 of 6 START sql view model citypulse_staging.stg_weather ...................... [RUN]
[0m22:02:02.260673 [debug] [Thread-1 (]: Re-using an available connection from the pool (formerly model.citypulse.stg_citibike, now model.citypulse.stg_weather)
[0m22:02:02.262674 [debug] [Thread-1 (]: Began compiling node model.citypulse.stg_weather
[0m22:02:02.285118 [debug] [Thread-1 (]: Writing injected SQL for node "model.citypulse.stg_weather"
[0m22:02:02.292058 [debug] [Thread-1 (]: Timing info for model.citypulse.stg_weather (compile): 22:02:02.265325 => 22:02:02.291056
[0m22:02:02.294572 [debug] [Thread-1 (]: Began executing node model.citypulse.stg_weather
[0m22:02:02.311768 [debug] [Thread-1 (]: Writing runtime sql for node "model.citypulse.stg_weather"
[0m22:02:02.321309 [debug] [Thread-1 (]: Opening a new connection, currently in state closed
[0m22:02:02.325403 [debug] [Thread-1 (]: On model.citypulse.stg_weather: /* {"app": "dbt", "dbt_version": "1.7.19", "profile_name": "citypulse", "target_name": "dev", "node_id": "model.citypulse.stg_weather"} */


  create or replace view `project-6c4733db-2f24-496d-90f`.`citypulse_staging`.`stg_weather`
  OPTIONS()
  as -- stg_weather.sql
-- Vista ligera sobre la tabla raw de clima.

with source as (
    select * from `project-6c4733db-2f24-496d-90f`.`citypulse_staging`.`weather`
),

filtered as (
    select *
    from source
    where timestamp is not null
      and date is not null
      -- Filtramos microsegundos fuera de rango válido (2010-2030)
      and timestamp between 1262304000000000 and 1893456000000000
),

staged as (
    select
        timestamp_micros(timestamp)       as timestamp,
        cast(date as date)                as date,
        cast(temperature_c as float64)    as temperature_c,
        cast(precipitation_mm as float64) as precipitation_mm,
        cast(wind_speed_kmh as float64)   as wind_speed_kmh,
        cast(humidity_pct as float64)     as humidity_pct,
        cast(location as string)          as location
    from filtered
)

select * from staged;


[0m22:02:03.966023 [debug] [Thread-1 (]: BigQuery adapter: https://console.cloud.google.com/bigquery?project=project-6c4733db-2f24-496d-90f&j=bq:us-central1:beecb189-fa8f-49ce-86ba-27e21bd6b948&page=queryresults
[0m22:02:04.378397 [debug] [Thread-1 (]: Timing info for model.citypulse.stg_weather (execute): 22:02:02.296503 => 22:02:04.378397
[0m22:02:04.382396 [debug] [Thread-1 (]: Sending event: {'category': 'dbt', 'action': 'run_model', 'label': '7788485a-f5dd-4fd3-98a6-4cefd5ce623e', 'context': [<snowplow_tracker.self_describing_json.SelfDescribingJson object at 0x000001EA607E9590>]}
[0m22:02:04.384434 [info ] [Thread-1 (]: 3 of 6 OK created sql view model citypulse_staging.stg_weather ................. [[32mCREATE VIEW (0 processed)[0m in 2.12s]
[0m22:02:04.388412 [debug] [Thread-1 (]: Finished running node model.citypulse.stg_weather
[0m22:02:04.390429 [debug] [Thread-1 (]: Began running node model.citypulse.daily_air_quality_summary
[0m22:02:04.394126 [info ] [Thread-1 (]: 4 of 6 START sql table model citypulse_marts.daily_air_quality_summary ......... [RUN]
[0m22:02:04.397626 [debug] [Thread-1 (]: Re-using an available connection from the pool (formerly model.citypulse.stg_weather, now model.citypulse.daily_air_quality_summary)
[0m22:02:04.401638 [debug] [Thread-1 (]: Began compiling node model.citypulse.daily_air_quality_summary
[0m22:02:04.423504 [debug] [Thread-1 (]: Writing injected SQL for node "model.citypulse.daily_air_quality_summary"
[0m22:02:04.428978 [debug] [Thread-1 (]: Timing info for model.citypulse.daily_air_quality_summary (compile): 22:02:04.403638 => 22:02:04.427979
[0m22:02:04.431153 [debug] [Thread-1 (]: Began executing node model.citypulse.daily_air_quality_summary
[0m22:02:04.576262 [debug] [Thread-1 (]: Writing runtime sql for node "model.citypulse.daily_air_quality_summary"
[0m22:02:04.581335 [debug] [Thread-1 (]: Opening a new connection, currently in state closed
[0m22:02:04.586412 [debug] [Thread-1 (]: On model.citypulse.daily_air_quality_summary: /* {"app": "dbt", "dbt_version": "1.7.19", "profile_name": "citypulse", "target_name": "dev", "node_id": "model.citypulse.daily_air_quality_summary"} */

  
    

    create or replace table `project-6c4733db-2f24-496d-90f`.`citypulse_marts`.`daily_air_quality_summary`
      
    
    

    OPTIONS()
    as (
      -- daily_air_quality_summary.sql
-- Resumen diario de calidad del aire para NYC.
-- Una fila por día con métricas agregadas y distribución de categorías AQI.

with daily as (
    select
        date,
        location,

        -- Métricas principales
        round(avg(pm2_5), 2)    as pm2_5_avg,
        round(max(pm2_5), 2)    as pm2_5_max,
        round(avg(pm10), 2)     as pm10_avg,
        round(avg(ozone), 2)    as ozone_avg,
        round(avg(us_aqi), 0)   as aqi_avg,
        max(us_aqi)             as aqi_max,

        -- Categoría dominante del día — la que más horas ocupa
        approx_top_count(aqi_category, 1)[offset(0)].value as aqi_dominant_category,

        -- Horas en cada categoría — útil para el dashboard
        countif(aqi_category = 'Good')                          as hours_good,
        countif(aqi_category = 'Moderate')                      as hours_moderate,
        countif(aqi_category = 'Unhealthy for Sensitive Groups') as hours_unhealthy_sensitive,
        countif(aqi_category = 'Unhealthy')                     as hours_unhealthy,
        countif(aqi_category = 'Very Unhealthy')                as hours_very_unhealthy,
        countif(aqi_category = 'Hazardous')                     as hours_hazardous

    from `project-6c4733db-2f24-496d-90f`.`citypulse_staging`.`stg_air_quality`
    group by date, location
)

select * from daily
order by date desc
    );
  
[0m22:02:06.471174 [debug] [Thread-1 (]: BigQuery adapter: https://console.cloud.google.com/bigquery?project=project-6c4733db-2f24-496d-90f&j=bq:us-central1:f67f5943-617a-456b-a3cc-cece49919c8d&page=queryresults
[0m22:02:08.764244 [debug] [Thread-1 (]: Timing info for model.citypulse.daily_air_quality_summary (execute): 22:02:04.432167 => 22:02:08.764244
[0m22:02:08.768269 [debug] [Thread-1 (]: Sending event: {'category': 'dbt', 'action': 'run_model', 'label': '7788485a-f5dd-4fd3-98a6-4cefd5ce623e', 'context': [<snowplow_tracker.self_describing_json.SelfDescribingJson object at 0x000001EA60BC5CD0>]}
[0m22:02:08.773781 [info ] [Thread-1 (]: 4 of 6 OK created sql table model citypulse_marts.daily_air_quality_summary .... [[32mCREATE TABLE (0.0 rows, 1.5 KiB processed)[0m in 4.37s]
[0m22:02:08.780047 [debug] [Thread-1 (]: Finished running node model.citypulse.daily_air_quality_summary
[0m22:02:08.782047 [debug] [Thread-1 (]: Began running node model.citypulse.daily_mobility_summary
[0m22:02:08.787109 [info ] [Thread-1 (]: 5 of 6 START sql table model citypulse_marts.daily_mobility_summary ............ [RUN]
[0m22:02:08.792108 [debug] [Thread-1 (]: Re-using an available connection from the pool (formerly model.citypulse.daily_air_quality_summary, now model.citypulse.daily_mobility_summary)
[0m22:02:08.796794 [debug] [Thread-1 (]: Began compiling node model.citypulse.daily_mobility_summary
[0m22:02:08.822225 [debug] [Thread-1 (]: Writing injected SQL for node "model.citypulse.daily_mobility_summary"
[0m22:02:08.828557 [debug] [Thread-1 (]: Timing info for model.citypulse.daily_mobility_summary (compile): 22:02:08.798823 => 22:02:08.827555
[0m22:02:08.831555 [debug] [Thread-1 (]: Began executing node model.citypulse.daily_mobility_summary
[0m22:02:08.851446 [debug] [Thread-1 (]: Writing runtime sql for node "model.citypulse.daily_mobility_summary"
[0m22:02:08.858589 [debug] [Thread-1 (]: Opening a new connection, currently in state closed
[0m22:02:08.862590 [debug] [Thread-1 (]: On model.citypulse.daily_mobility_summary: /* {"app": "dbt", "dbt_version": "1.7.19", "profile_name": "citypulse", "target_name": "dev", "node_id": "model.citypulse.daily_mobility_summary"} */

  
    

    create or replace table `project-6c4733db-2f24-496d-90f`.`citypulse_marts`.`daily_mobility_summary`
      
    
    

    OPTIONS()
    as (
      -- daily_mobility_summary.sql
-- Resumen diario de movilidad en Citibike NYC.
-- Una fila por día con métricas de uso agregadas desde los viajes individuales.

with daily as (
    select
        date(started_at)                        as date,
        year,
        month,

        -- Volumen
        count(*)                                as total_rides,
        count(distinct start_station_name)      as active_start_stations,
        count(distinct end_station_name)        as active_end_stations,

        -- Duración
        round(avg(duration_minutes), 2)         as duration_avg_min,
        round(min(duration_minutes), 2)         as duration_min_min,
        round(max(duration_minutes), 2)         as duration_max_min,

        -- Tipo de usuario
        countif(member_casual = 'member')       as rides_member,
        countif(member_casual = 'casual')       as rides_casual,
        round(
            countif(member_casual = 'member') * 100.0 / count(*), 2
        )                                       as pct_member,

        -- Tipo de bicicleta
        countif(rideable_type = 'electric_bike') as rides_electric,
        countif(rideable_type = 'classic_bike')  as rides_classic,
        round(
            countif(rideable_type = 'electric_bike') * 100.0 / count(*), 2
        )                                        as pct_electric

    from `project-6c4733db-2f24-496d-90f`.`citypulse_staging`.`stg_citibike`
    group by date(started_at), year, month
)

select * from daily
order by date desc
    );
  
[0m22:02:10.664358 [debug] [Thread-1 (]: BigQuery adapter: https://console.cloud.google.com/bigquery?project=project-6c4733db-2f24-496d-90f&j=bq:us-central1:dbaecc84-42b2-4221-8669-0f6531dd9d20&page=queryresults
[0m22:02:12.936226 [debug] [Thread-1 (]: Timing info for model.citypulse.daily_mobility_summary (execute): 22:02:08.834064 => 22:02:12.936226
[0m22:02:12.936226 [debug] [Thread-1 (]: Sending event: {'category': 'dbt', 'action': 'run_model', 'label': '7788485a-f5dd-4fd3-98a6-4cefd5ce623e', 'context': [<snowplow_tracker.self_describing_json.SelfDescribingJson object at 0x000001EA607F8450>]}
[0m22:02:12.942748 [info ] [Thread-1 (]: 5 of 6 OK created sql table model citypulse_marts.daily_mobility_summary ....... [[32mCREATE TABLE (0.0 rows, 101.6 MiB processed)[0m in 4.15s]
[0m22:02:12.946008 [debug] [Thread-1 (]: Finished running node model.citypulse.daily_mobility_summary
[0m22:02:12.946008 [debug] [Thread-1 (]: Began running node model.citypulse.daily_weather_summary
[0m22:02:12.953278 [info ] [Thread-1 (]: 6 of 6 START sql table model citypulse_marts.daily_weather_summary ............. [RUN]
[0m22:02:12.956325 [debug] [Thread-1 (]: Re-using an available connection from the pool (formerly model.citypulse.daily_mobility_summary, now model.citypulse.daily_weather_summary)
[0m22:02:12.956325 [debug] [Thread-1 (]: Began compiling node model.citypulse.daily_weather_summary
[0m22:02:12.970868 [debug] [Thread-1 (]: Writing injected SQL for node "model.citypulse.daily_weather_summary"
[0m22:02:12.976534 [debug] [Thread-1 (]: Timing info for model.citypulse.daily_weather_summary (compile): 22:02:12.960467 => 22:02:12.974411
[0m22:02:12.979859 [debug] [Thread-1 (]: Began executing node model.citypulse.daily_weather_summary
[0m22:02:12.992849 [debug] [Thread-1 (]: Writing runtime sql for node "model.citypulse.daily_weather_summary"
[0m22:02:12.999265 [debug] [Thread-1 (]: Opening a new connection, currently in state closed
[0m22:02:13.002326 [debug] [Thread-1 (]: On model.citypulse.daily_weather_summary: /* {"app": "dbt", "dbt_version": "1.7.19", "profile_name": "citypulse", "target_name": "dev", "node_id": "model.citypulse.daily_weather_summary"} */

  
    

    create or replace table `project-6c4733db-2f24-496d-90f`.`citypulse_marts`.`daily_weather_summary`
      
    
    

    OPTIONS()
    as (
      -- daily_weather_summary.sql
-- Resumen diario de clima para NYC.
-- Una fila por día con las métricas agregadas desde los datos horarios.

with daily as (
    select
        date,
        location,

        -- Temperatura
        round(avg(temperature_c), 2)    as temp_avg_c,
        round(min(temperature_c), 2)    as temp_min_c,
        round(max(temperature_c), 2)    as temp_max_c,

        -- Precipitación — sumamos las horas para obtener el total del día
        round(sum(precipitation_mm), 2) as precipitation_total_mm,

        -- Viento
        round(avg(wind_speed_kmh), 2)   as wind_avg_kmh,
        round(max(wind_speed_kmh), 2)   as wind_max_kmh,

        -- Humedad
        round(avg(humidity_pct), 2)     as humidity_avg_pct

    from `project-6c4733db-2f24-496d-90f`.`citypulse_staging`.`stg_weather`
    group by date, location
)

select * from daily
order by date desc
    );
  
[0m22:02:14.816754 [debug] [Thread-1 (]: BigQuery adapter: https://console.cloud.google.com/bigquery?project=project-6c4733db-2f24-496d-90f&j=bq:us-central1:556c7d23-e9bf-456a-a523-71ced814e1fb&page=queryresults
[0m22:02:17.428461 [debug] [Thread-1 (]: Timing info for model.citypulse.daily_weather_summary (execute): 22:02:12.982456 => 22:02:17.427460
[0m22:02:17.431941 [debug] [Thread-1 (]: Sending event: {'category': 'dbt', 'action': 'run_model', 'label': '7788485a-f5dd-4fd3-98a6-4cefd5ce623e', 'context': [<snowplow_tracker.self_describing_json.SelfDescribingJson object at 0x000001EA60BD41D0>]}
[0m22:02:17.436577 [info ] [Thread-1 (]: 6 of 6 OK created sql table model citypulse_marts.daily_weather_summary ........ [[32mCREATE TABLE (0.0 rows, 1.2 KiB processed)[0m in 4.48s]
[0m22:02:17.441014 [debug] [Thread-1 (]: Finished running node model.citypulse.daily_weather_summary
[0m22:02:17.449699 [debug] [MainThread]: Connection 'master' was properly closed.
[0m22:02:17.452698 [debug] [MainThread]: Connection 'list_project-6c4733db-2f24-496d-90f' was properly closed.
[0m22:02:17.456064 [debug] [MainThread]: Connection 'list_project-6c4733db-2f24-496d-90f_citypulse_staging' was properly closed.
[0m22:02:17.458768 [debug] [MainThread]: Connection 'model.citypulse.daily_weather_summary' was properly closed.
[0m22:02:17.460803 [info ] [MainThread]: 
[0m22:02:17.464267 [info ] [MainThread]: Finished running 3 view models, 3 table models in 0 hours 0 minutes and 33.44 seconds (33.44s).
[0m22:02:17.474179 [debug] [MainThread]: Command end result
[0m22:02:17.536061 [info ] [MainThread]: 
[0m22:02:17.540065 [info ] [MainThread]: [32mCompleted successfully[0m
[0m22:02:17.542562 [info ] [MainThread]: 
[0m22:02:17.545783 [info ] [MainThread]: Done. PASS=6 WARN=0 ERROR=0 SKIP=0 TOTAL=6
[0m22:02:17.553449 [debug] [MainThread]: Command `dbt run` succeeded at 22:02:17.551934 after 45.91 seconds
[0m22:02:17.555969 [debug] [MainThread]: Sending event: {'category': 'dbt', 'action': 'invocation', 'label': 'end', 'context': [<snowplow_tracker.self_describing_json.SelfDescribingJson object at 0x000001EA4E016390>, <snowplow_tracker.self_describing_json.SelfDescribingJson object at 0x000001EA470C9490>, <snowplow_tracker.self_describing_json.SelfDescribingJson object at 0x000001EA470C9350>]}
[0m22:02:17.558968 [debug] [MainThread]: Flushing usage events
[0m23:15:55.717874 [debug] [MainThread]: Sending event: {'category': 'dbt', 'action': 'invocation', 'label': 'start', 'context': [<snowplow_tracker.self_describing_json.SelfDescribingJson object at 0x0000023C93816250>, <snowplow_tracker.self_describing_json.SelfDescribingJson object at 0x0000023C93806BD0>, <snowplow_tracker.self_describing_json.SelfDescribingJson object at 0x0000023C93815F10>]}


============================== 23:15:55.729650 | e8fd3891-a1c5-49ae-b6c6-3c19294d855a ==============================
[0m23:15:55.729650 [info ] [MainThread]: Running with dbt=1.7.19
[0m23:15:55.733118 [debug] [MainThread]: running dbt with arguments {'printer_width': '80', 'indirect_selection': 'eager', 'log_cache_events': 'False', 'write_json': 'True', 'partial_parse': 'True', 'cache_selected_only': 'False', 'warn_error': 'None', 'fail_fast': 'False', 'debug': 'False', 'log_path': 'C:\\Users\\usuario\\Desktop\\Data Project\\citypulse_analytics\\transformation\\logs', 'profiles_dir': 'C:\\Users\\usuario\\.dbt', 'version_check': 'True', 'use_colors': 'True', 'use_experimental_parser': 'False', 'no_print': 'None', 'quiet': 'False', 'warn_error_options': 'WarnErrorOptions(include=[], exclude=[])', 'static_parser': 'True', 'invocation_command': 'dbt run', 'log_format': 'default', 'target_path': 'None', 'introspect': 'True', 'send_anonymous_usage_stats': 'True'}
[0m23:16:04.420809 [debug] [MainThread]: Sending event: {'category': 'dbt', 'action': 'project_id', 'label': 'e8fd3891-a1c5-49ae-b6c6-3c19294d855a', 'context': [<snowplow_tracker.self_describing_json.SelfDescribingJson object at 0x0000023CA5AC3B90>]}
[0m23:16:04.596792 [debug] [MainThread]: Sending event: {'category': 'dbt', 'action': 'adapter_info', 'label': 'e8fd3891-a1c5-49ae-b6c6-3c19294d855a', 'context': [<snowplow_tracker.self_describing_json.SelfDescribingJson object at 0x0000023CA5498850>]}
[0m23:16:04.600255 [info ] [MainThread]: Registered adapter: bigquery=1.7.0
[0m23:16:04.629548 [debug] [MainThread]: checksum: a8d43cdff37d0f32d7fbe4c5c25bea4bb6c86e162f8ce8fdb1a38cdcf7495431, vars: {}, profile: , target: , version: 1.7.19
[0m23:16:04.927911 [debug] [MainThread]: Partial parsing enabled: 0 files deleted, 0 files added, 3 files changed.
[0m23:16:04.929426 [debug] [MainThread]: Partial parsing: updated file: citypulse://models\staging\stg_air_quality.sql
[0m23:16:04.932748 [debug] [MainThread]: Partial parsing: updated file: citypulse://models\staging\stg_citibike.sql
[0m23:16:04.933754 [debug] [MainThread]: Partial parsing: updated file: citypulse://models\staging\stg_weather.sql
[0m23:16:05.378633 [debug] [MainThread]: Sending event: {'category': 'dbt', 'action': 'load_project', 'label': 'e8fd3891-a1c5-49ae-b6c6-3c19294d855a', 'context': [<snowplow_tracker.self_describing_json.SelfDescribingJson object at 0x0000023CA6093E10>]}
[0m23:16:05.431506 [debug] [MainThread]: Sending event: {'category': 'dbt', 'action': 'resource_counts', 'label': 'e8fd3891-a1c5-49ae-b6c6-3c19294d855a', 'context': [<snowplow_tracker.self_describing_json.SelfDescribingJson object at 0x0000023CA5F6ED90>]}
[0m23:16:05.436205 [info ] [MainThread]: Found 6 models, 13 tests, 3 sources, 0 exposures, 0 metrics, 448 macros, 0 groups, 0 semantic models
[0m23:16:05.439724 [debug] [MainThread]: Sending event: {'category': 'dbt', 'action': 'runnable_timing', 'label': 'e8fd3891-a1c5-49ae-b6c6-3c19294d855a', 'context': [<snowplow_tracker.self_describing_json.SelfDescribingJson object at 0x0000023CA5D9CD10>]}
[0m23:16:05.454115 [info ] [MainThread]: 
[0m23:16:05.460170 [debug] [MainThread]: Acquiring new bigquery connection 'master'
[0m23:16:05.473036 [debug] [ThreadPool]: Acquiring new bigquery connection 'list_project-6c4733db-2f24-496d-90f'
[0m23:16:05.475052 [debug] [ThreadPool]: Opening a new connection, currently in state init
[0m23:16:15.830519 [debug] [ThreadPool]: Opening a new connection, currently in state closed
[0m23:16:17.346806 [debug] [ThreadPool]: Acquiring new bigquery connection 'list_project-6c4733db-2f24-496d-90f_citypulse_staging'
[0m23:16:17.350057 [debug] [ThreadPool]: Opening a new connection, currently in state init
[0m23:16:18.767684 [debug] [ThreadPool]: Re-using an available connection from the pool (formerly list_project-6c4733db-2f24-496d-90f_citypulse_staging, now list_project-6c4733db-2f24-496d-90f_citypulse_marts)
[0m23:16:18.777256 [debug] [ThreadPool]: Opening a new connection, currently in state closed
[0m23:16:20.258332 [debug] [MainThread]: Sending event: {'category': 'dbt', 'action': 'runnable_timing', 'label': 'e8fd3891-a1c5-49ae-b6c6-3c19294d855a', 'context': [<snowplow_tracker.self_describing_json.SelfDescribingJson object at 0x0000023CA606CC90>]}
[0m23:16:20.263946 [info ] [MainThread]: Concurrency: 1 threads (target='dev')
[0m23:16:20.269870 [info ] [MainThread]: 
[0m23:16:20.296043 [debug] [Thread-1 (]: Began running node model.citypulse.stg_air_quality
[0m23:16:20.306284 [info ] [Thread-1 (]: 1 of 6 START sql view model citypulse_staging.stg_air_quality .................. [RUN]
[0m23:16:20.311683 [debug] [Thread-1 (]: Acquiring new bigquery connection 'model.citypulse.stg_air_quality'
[0m23:16:20.313721 [debug] [Thread-1 (]: Began compiling node model.citypulse.stg_air_quality
[0m23:16:20.373710 [debug] [Thread-1 (]: Writing injected SQL for node "model.citypulse.stg_air_quality"
[0m23:16:20.384428 [debug] [Thread-1 (]: Timing info for model.citypulse.stg_air_quality (compile): 23:16:20.316753 => 23:16:20.382139
[0m23:16:20.387982 [debug] [Thread-1 (]: Began executing node model.citypulse.stg_air_quality
[0m23:16:20.528770 [debug] [Thread-1 (]: Writing runtime sql for node "model.citypulse.stg_air_quality"
[0m23:16:20.533872 [debug] [Thread-1 (]: Opening a new connection, currently in state init
[0m23:16:20.536945 [debug] [Thread-1 (]: On model.citypulse.stg_air_quality: /* {"app": "dbt", "dbt_version": "1.7.19", "profile_name": "citypulse", "target_name": "dev", "node_id": "model.citypulse.stg_air_quality"} */


  create or replace view `project-6c4733db-2f24-496d-90f`.`citypulse_staging`.`stg_air_quality`
  OPTIONS()
  as -- stg_air_quality.sql
-- Vista ligera sobre la tabla raw de calidad del aire.

with source as (
    select * from `project-6c4733db-2f24-496d-90f`.`citypulse_staging`.`air_quality`
),

staged as (
    select
        cast(timestamp as timestamp)        as timestamp,
        cast(date as date)                  as date,
        cast(pm2_5 as float64)              as pm2_5,
        cast(pm10 as float64)               as pm10,
        cast(ozone as float64)              as ozone,
        cast(us_aqi as int64)               as us_aqi,
        cast(aqi_category as string)        as aqi_category,
        cast(location as string)            as location
    from source
    where timestamp is not null
      and date is not null
)

select * from staged;


[0m23:16:22.250347 [debug] [Thread-1 (]: BigQuery adapter: https://console.cloud.google.com/bigquery?project=project-6c4733db-2f24-496d-90f&j=bq:us-central1:517f356c-0b17-471c-9c4a-099c383a783e&page=queryresults
[0m23:16:22.747206 [debug] [Thread-1 (]: Timing info for model.citypulse.stg_air_quality (execute): 23:16:20.391322 => 23:16:22.746187
[0m23:16:22.750210 [debug] [Thread-1 (]: Sending event: {'category': 'dbt', 'action': 'run_model', 'label': 'e8fd3891-a1c5-49ae-b6c6-3c19294d855a', 'context': [<snowplow_tracker.self_describing_json.SelfDescribingJson object at 0x0000023CA5F97FD0>]}
[0m23:16:22.753209 [info ] [Thread-1 (]: 1 of 6 OK created sql view model citypulse_staging.stg_air_quality ............. [[32mCREATE VIEW (0 processed)[0m in 2.44s]
[0m23:16:22.755925 [debug] [Thread-1 (]: Finished running node model.citypulse.stg_air_quality
[0m23:16:22.758254 [debug] [Thread-1 (]: Began running node model.citypulse.stg_citibike
[0m23:16:22.760534 [info ] [Thread-1 (]: 2 of 6 START sql view model citypulse_staging.stg_citibike ..................... [RUN]
[0m23:16:22.762881 [debug] [Thread-1 (]: Re-using an available connection from the pool (formerly model.citypulse.stg_air_quality, now model.citypulse.stg_citibike)
[0m23:16:22.767576 [debug] [Thread-1 (]: Began compiling node model.citypulse.stg_citibike
[0m23:16:22.791219 [debug] [Thread-1 (]: Writing injected SQL for node "model.citypulse.stg_citibike"
[0m23:16:22.797513 [debug] [Thread-1 (]: Timing info for model.citypulse.stg_citibike (compile): 23:16:22.769965 => 23:16:22.796134
[0m23:16:22.799515 [debug] [Thread-1 (]: Began executing node model.citypulse.stg_citibike
[0m23:16:22.822213 [debug] [Thread-1 (]: Writing runtime sql for node "model.citypulse.stg_citibike"
[0m23:16:22.826293 [debug] [Thread-1 (]: Opening a new connection, currently in state closed
[0m23:16:22.830086 [debug] [Thread-1 (]: On model.citypulse.stg_citibike: /* {"app": "dbt", "dbt_version": "1.7.19", "profile_name": "citypulse", "target_name": "dev", "node_id": "model.citypulse.stg_citibike"} */


  create or replace view `project-6c4733db-2f24-496d-90f`.`citypulse_staging`.`stg_citibike`
  OPTIONS()
  as -- stg_citibike.sql
-- Vista ligera sobre la tabla raw de Citibike.

with source as (
    select * from `project-6c4733db-2f24-496d-90f`.`citypulse_staging`.`citibike`
),

staged as (
    select
        cast(ride_id as string)               as ride_id,
        cast(rideable_type as string)         as rideable_type,
        cast(started_at as timestamp)         as started_at,
        cast(ended_at as timestamp)           as ended_at,
        cast(start_station_name as string)    as start_station_name,
        cast(end_station_name as string)      as end_station_name,
        cast(start_lat as float64)            as start_lat,
        cast(start_lng as float64)            as start_lng,
        cast(end_lat as float64)              as end_lat,
        cast(end_lng as float64)              as end_lng,
        cast(member_casual as string)         as member_casual,
        cast(duration_minutes as float64)     as duration_minutes,
        cast(year as int64)                   as year,
        cast(month as int64)                  as month
    from source
    where started_at is not null
      and duration_minutes > 0
)

select * from staged;


[0m23:16:24.393166 [debug] [Thread-1 (]: BigQuery adapter: https://console.cloud.google.com/bigquery?project=project-6c4733db-2f24-496d-90f&j=bq:us-central1:85fbd5bc-af55-4228-aa6c-77ba70472483&page=queryresults
[0m23:16:24.837367 [debug] [Thread-1 (]: Timing info for model.citypulse.stg_citibike (execute): 23:16:22.802518 => 23:16:24.836250
[0m23:16:24.839782 [debug] [Thread-1 (]: Sending event: {'category': 'dbt', 'action': 'run_model', 'label': 'e8fd3891-a1c5-49ae-b6c6-3c19294d855a', 'context': [<snowplow_tracker.self_describing_json.SelfDescribingJson object at 0x0000023CA5F974D0>]}
[0m23:16:24.843247 [info ] [Thread-1 (]: 2 of 6 OK created sql view model citypulse_staging.stg_citibike ................ [[32mCREATE VIEW (0 processed)[0m in 2.08s]
[0m23:16:24.846553 [debug] [Thread-1 (]: Finished running node model.citypulse.stg_citibike
[0m23:16:24.848283 [debug] [Thread-1 (]: Began running node model.citypulse.stg_weather
[0m23:16:24.850390 [info ] [Thread-1 (]: 3 of 6 START sql view model citypulse_staging.stg_weather ...................... [RUN]
[0m23:16:24.853470 [debug] [Thread-1 (]: Re-using an available connection from the pool (formerly model.citypulse.stg_citibike, now model.citypulse.stg_weather)
[0m23:16:24.854983 [debug] [Thread-1 (]: Began compiling node model.citypulse.stg_weather
[0m23:16:24.882073 [debug] [Thread-1 (]: Writing injected SQL for node "model.citypulse.stg_weather"
[0m23:16:24.893254 [debug] [Thread-1 (]: Timing info for model.citypulse.stg_weather (compile): 23:16:24.857508 => 23:16:24.892255
[0m23:16:24.896282 [debug] [Thread-1 (]: Began executing node model.citypulse.stg_weather
[0m23:16:24.914189 [debug] [Thread-1 (]: Writing runtime sql for node "model.citypulse.stg_weather"
[0m23:16:24.921249 [debug] [Thread-1 (]: Opening a new connection, currently in state closed
[0m23:16:24.925072 [debug] [Thread-1 (]: On model.citypulse.stg_weather: /* {"app": "dbt", "dbt_version": "1.7.19", "profile_name": "citypulse", "target_name": "dev", "node_id": "model.citypulse.stg_weather"} */


  create or replace view `project-6c4733db-2f24-496d-90f`.`citypulse_staging`.`stg_weather`
  OPTIONS()
  as -- stg_weather.sql
-- Vista ligera sobre la tabla raw de clima.

with source as (
    select * from `project-6c4733db-2f24-496d-90f`.`citypulse_staging`.`weather`
),

staged as (
    select
        cast(timestamp as timestamp)      as timestamp,
        cast(date as date)                as date,
        cast(temperature_c as float64)    as temperature_c,
        cast(precipitation_mm as float64) as precipitation_mm,
        cast(wind_speed_kmh as float64)   as wind_speed_kmh,
        cast(humidity_pct as float64)     as humidity_pct,
        cast(location as string)          as location
    from source
    where timestamp is not null
      and date is not null
)

select * from staged;


[0m23:16:26.427916 [debug] [Thread-1 (]: BigQuery adapter: https://console.cloud.google.com/bigquery?project=project-6c4733db-2f24-496d-90f&j=bq:us-central1:46edd763-bc86-49cc-a5ae-dc26fd991b1c&page=queryresults
[0m23:16:26.830375 [debug] [Thread-1 (]: Timing info for model.citypulse.stg_weather (execute): 23:16:24.898346 => 23:16:26.830375
[0m23:16:26.835935 [debug] [Thread-1 (]: Sending event: {'category': 'dbt', 'action': 'run_model', 'label': 'e8fd3891-a1c5-49ae-b6c6-3c19294d855a', 'context': [<snowplow_tracker.self_describing_json.SelfDescribingJson object at 0x0000023CA61C2850>]}
[0m23:16:26.839037 [info ] [Thread-1 (]: 3 of 6 OK created sql view model citypulse_staging.stg_weather ................. [[32mCREATE VIEW (0 processed)[0m in 1.98s]
[0m23:16:26.842067 [debug] [Thread-1 (]: Finished running node model.citypulse.stg_weather
[0m23:16:26.845071 [debug] [Thread-1 (]: Began running node model.citypulse.daily_air_quality_summary
[0m23:16:26.846591 [info ] [Thread-1 (]: 4 of 6 START sql table model citypulse_marts.daily_air_quality_summary ......... [RUN]
[0m23:16:26.849635 [debug] [Thread-1 (]: Re-using an available connection from the pool (formerly model.citypulse.stg_weather, now model.citypulse.daily_air_quality_summary)
[0m23:16:26.851666 [debug] [Thread-1 (]: Began compiling node model.citypulse.daily_air_quality_summary
[0m23:16:26.863285 [debug] [Thread-1 (]: Writing injected SQL for node "model.citypulse.daily_air_quality_summary"
[0m23:16:26.865867 [debug] [Thread-1 (]: Timing info for model.citypulse.daily_air_quality_summary (compile): 23:16:26.852680 => 23:16:26.865867
[0m23:16:26.865867 [debug] [Thread-1 (]: Began executing node model.citypulse.daily_air_quality_summary
[0m23:16:26.943843 [debug] [Thread-1 (]: Opening a new connection, currently in state closed
[0m23:16:28.272992 [debug] [Thread-1 (]: Writing runtime sql for node "model.citypulse.daily_air_quality_summary"
[0m23:16:28.277498 [debug] [Thread-1 (]: On model.citypulse.daily_air_quality_summary: /* {"app": "dbt", "dbt_version": "1.7.19", "profile_name": "citypulse", "target_name": "dev", "node_id": "model.citypulse.daily_air_quality_summary"} */

  
    

    create or replace table `project-6c4733db-2f24-496d-90f`.`citypulse_marts`.`daily_air_quality_summary`
      
    
    

    OPTIONS()
    as (
      -- daily_air_quality_summary.sql
-- Resumen diario de calidad del aire para NYC.
-- Una fila por día con métricas agregadas y distribución de categorías AQI.

with daily as (
    select
        date,
        location,

        -- Métricas principales
        round(avg(pm2_5), 2)    as pm2_5_avg,
        round(max(pm2_5), 2)    as pm2_5_max,
        round(avg(pm10), 2)     as pm10_avg,
        round(avg(ozone), 2)    as ozone_avg,
        round(avg(us_aqi), 0)   as aqi_avg,
        max(us_aqi)             as aqi_max,

        -- Categoría dominante del día — la que más horas ocupa
        approx_top_count(aqi_category, 1)[offset(0)].value as aqi_dominant_category,

        -- Horas en cada categoría — útil para el dashboard
        countif(aqi_category = 'Good')                          as hours_good,
        countif(aqi_category = 'Moderate')                      as hours_moderate,
        countif(aqi_category = 'Unhealthy for Sensitive Groups') as hours_unhealthy_sensitive,
        countif(aqi_category = 'Unhealthy')                     as hours_unhealthy,
        countif(aqi_category = 'Very Unhealthy')                as hours_very_unhealthy,
        countif(aqi_category = 'Hazardous')                     as hours_hazardous

    from `project-6c4733db-2f24-496d-90f`.`citypulse_staging`.`stg_air_quality`
    group by date, location
)

select * from daily
order by date desc
    );
  
[0m23:16:29.182848 [debug] [Thread-1 (]: BigQuery adapter: https://console.cloud.google.com/bigquery?project=project-6c4733db-2f24-496d-90f&j=bq:us-central1:37e432c4-5345-43a1-8be7-64a75a242bf0&page=queryresults
[0m23:16:31.187087 [debug] [Thread-1 (]: Timing info for model.citypulse.daily_air_quality_summary (execute): 23:16:26.873036 => 23:16:31.185533
[0m23:16:31.192089 [debug] [Thread-1 (]: Sending event: {'category': 'dbt', 'action': 'run_model', 'label': 'e8fd3891-a1c5-49ae-b6c6-3c19294d855a', 'context': [<snowplow_tracker.self_describing_json.SelfDescribingJson object at 0x0000023CA5F62050>]}
[0m23:16:31.197233 [info ] [Thread-1 (]: 4 of 6 OK created sql table model citypulse_marts.daily_air_quality_summary .... [[32mCREATE TABLE (3.0 rows, 4.9 KiB processed)[0m in 4.34s]
[0m23:16:31.200117 [debug] [Thread-1 (]: Finished running node model.citypulse.daily_air_quality_summary
[0m23:16:31.202613 [debug] [Thread-1 (]: Began running node model.citypulse.daily_mobility_summary
[0m23:16:31.203622 [info ] [Thread-1 (]: 5 of 6 START sql table model citypulse_marts.daily_mobility_summary ............ [RUN]
[0m23:16:31.207598 [debug] [Thread-1 (]: Re-using an available connection from the pool (formerly model.citypulse.daily_air_quality_summary, now model.citypulse.daily_mobility_summary)
[0m23:16:31.209425 [debug] [Thread-1 (]: Began compiling node model.citypulse.daily_mobility_summary
[0m23:16:31.223127 [debug] [Thread-1 (]: Writing injected SQL for node "model.citypulse.daily_mobility_summary"
[0m23:16:31.237247 [debug] [Thread-1 (]: Timing info for model.citypulse.daily_mobility_summary (compile): 23:16:31.211427 => 23:16:31.236217
[0m23:16:31.239417 [debug] [Thread-1 (]: Began executing node model.citypulse.daily_mobility_summary
[0m23:16:31.253093 [debug] [Thread-1 (]: Opening a new connection, currently in state closed
[0m23:16:32.592785 [debug] [Thread-1 (]: Writing runtime sql for node "model.citypulse.daily_mobility_summary"
[0m23:16:32.598427 [debug] [Thread-1 (]: On model.citypulse.daily_mobility_summary: /* {"app": "dbt", "dbt_version": "1.7.19", "profile_name": "citypulse", "target_name": "dev", "node_id": "model.citypulse.daily_mobility_summary"} */

  
    

    create or replace table `project-6c4733db-2f24-496d-90f`.`citypulse_marts`.`daily_mobility_summary`
      
    
    

    OPTIONS()
    as (
      -- daily_mobility_summary.sql
-- Resumen diario de movilidad en Citibike NYC.
-- Una fila por día con métricas de uso agregadas desde los viajes individuales.

with daily as (
    select
        date(started_at)                        as date,
        year,
        month,

        -- Volumen
        count(*)                                as total_rides,
        count(distinct start_station_name)      as active_start_stations,
        count(distinct end_station_name)        as active_end_stations,

        -- Duración
        round(avg(duration_minutes), 2)         as duration_avg_min,
        round(min(duration_minutes), 2)         as duration_min_min,
        round(max(duration_minutes), 2)         as duration_max_min,

        -- Tipo de usuario
        countif(member_casual = 'member')       as rides_member,
        countif(member_casual = 'casual')       as rides_casual,
        round(
            countif(member_casual = 'member') * 100.0 / count(*), 2
        )                                       as pct_member,

        -- Tipo de bicicleta
        countif(rideable_type = 'electric_bike') as rides_electric,
        countif(rideable_type = 'classic_bike')  as rides_classic,
        round(
            countif(rideable_type = 'electric_bike') * 100.0 / count(*), 2
        )                                        as pct_electric

    from `project-6c4733db-2f24-496d-90f`.`citypulse_staging`.`stg_citibike`
    group by date(started_at), year, month
)

select * from daily
order by date desc
    );
  
[0m23:16:33.195938 [debug] [Thread-1 (]: BigQuery adapter: https://console.cloud.google.com/bigquery?project=project-6c4733db-2f24-496d-90f&j=bq:us-central1:13f74aea-56ff-44fc-9358-165642b402f1&page=queryresults
[0m23:16:35.614154 [debug] [Thread-1 (]: Timing info for model.citypulse.daily_mobility_summary (execute): 23:16:31.240875 => 23:16:35.613151
[0m23:16:35.617537 [debug] [Thread-1 (]: Sending event: {'category': 'dbt', 'action': 'run_model', 'label': 'e8fd3891-a1c5-49ae-b6c6-3c19294d855a', 'context': [<snowplow_tracker.self_describing_json.SelfDescribingJson object at 0x0000023CA61AB210>]}
[0m23:16:35.620561 [info ] [Thread-1 (]: 5 of 6 OK created sql table model citypulse_marts.daily_mobility_summary ....... [[32mCREATE TABLE (50.0 rows, 133.0 MiB processed)[0m in 4.41s]
[0m23:16:35.622889 [debug] [Thread-1 (]: Finished running node model.citypulse.daily_mobility_summary
[0m23:16:35.625562 [debug] [Thread-1 (]: Began running node model.citypulse.daily_weather_summary
[0m23:16:35.627873 [info ] [Thread-1 (]: 6 of 6 START sql table model citypulse_marts.daily_weather_summary ............. [RUN]
[0m23:16:35.631026 [debug] [Thread-1 (]: Re-using an available connection from the pool (formerly model.citypulse.daily_mobility_summary, now model.citypulse.daily_weather_summary)
[0m23:16:35.633452 [debug] [Thread-1 (]: Began compiling node model.citypulse.daily_weather_summary
[0m23:16:35.650555 [debug] [Thread-1 (]: Writing injected SQL for node "model.citypulse.daily_weather_summary"
[0m23:16:35.657977 [debug] [Thread-1 (]: Timing info for model.citypulse.daily_weather_summary (compile): 23:16:35.635971 => 23:16:35.656585
[0m23:16:35.659998 [debug] [Thread-1 (]: Began executing node model.citypulse.daily_weather_summary
[0m23:16:35.672960 [debug] [Thread-1 (]: Opening a new connection, currently in state closed
[0m23:16:37.044981 [debug] [Thread-1 (]: Writing runtime sql for node "model.citypulse.daily_weather_summary"
[0m23:16:37.049461 [debug] [Thread-1 (]: On model.citypulse.daily_weather_summary: /* {"app": "dbt", "dbt_version": "1.7.19", "profile_name": "citypulse", "target_name": "dev", "node_id": "model.citypulse.daily_weather_summary"} */

  
    

    create or replace table `project-6c4733db-2f24-496d-90f`.`citypulse_marts`.`daily_weather_summary`
      
    
    

    OPTIONS()
    as (
      -- daily_weather_summary.sql
-- Resumen diario de clima para NYC.
-- Una fila por día con las métricas agregadas desde los datos horarios.

with daily as (
    select
        date,
        location,

        -- Temperatura
        round(avg(temperature_c), 2)    as temp_avg_c,
        round(min(temperature_c), 2)    as temp_min_c,
        round(max(temperature_c), 2)    as temp_max_c,

        -- Precipitación — sumamos las horas para obtener el total del día
        round(sum(precipitation_mm), 2) as precipitation_total_mm,

        -- Viento
        round(avg(wind_speed_kmh), 2)   as wind_avg_kmh,
        round(max(wind_speed_kmh), 2)   as wind_max_kmh,

        -- Humedad
        round(avg(humidity_pct), 2)     as humidity_avg_pct

    from `project-6c4733db-2f24-496d-90f`.`citypulse_staging`.`stg_weather`
    group by date, location
)

select * from daily
order by date desc
    );
  
[0m23:16:37.911270 [debug] [Thread-1 (]: BigQuery adapter: https://console.cloud.google.com/bigquery?project=project-6c4733db-2f24-496d-90f&j=bq:us-central1:f244b06b-43af-477f-869c-2f2aa49d1ac3&page=queryresults
[0m23:16:40.141944 [debug] [Thread-1 (]: Timing info for model.citypulse.daily_weather_summary (execute): 23:16:35.661003 => 23:16:40.140943
[0m23:16:40.147065 [debug] [Thread-1 (]: Sending event: {'category': 'dbt', 'action': 'run_model', 'label': 'e8fd3891-a1c5-49ae-b6c6-3c19294d855a', 'context': [<snowplow_tracker.self_describing_json.SelfDescribingJson object at 0x0000023CA5FA3CD0>]}
[0m23:16:40.151801 [info ] [Thread-1 (]: 6 of 6 OK created sql table model citypulse_marts.daily_weather_summary ........ [[32mCREATE TABLE (4.0 rows, 5.0 KiB processed)[0m in 4.52s]
[0m23:16:40.162349 [debug] [Thread-1 (]: Finished running node model.citypulse.daily_weather_summary
[0m23:16:40.170377 [debug] [MainThread]: Connection 'master' was properly closed.
[0m23:16:40.172378 [debug] [MainThread]: Connection 'list_project-6c4733db-2f24-496d-90f' was properly closed.
[0m23:16:40.174890 [debug] [MainThread]: Connection 'list_project-6c4733db-2f24-496d-90f_citypulse_marts' was properly closed.
[0m23:16:40.177406 [debug] [MainThread]: Connection 'model.citypulse.daily_weather_summary' was properly closed.
[0m23:16:40.179409 [info ] [MainThread]: 
[0m23:16:40.223852 [info ] [MainThread]: Finished running 3 view models, 3 table models in 0 hours 0 minutes and 34.72 seconds (34.72s).
[0m23:16:40.263129 [debug] [MainThread]: Command end result
[0m23:16:40.432855 [info ] [MainThread]: 
[0m23:16:40.447972 [info ] [MainThread]: [32mCompleted successfully[0m
[0m23:16:40.452600 [info ] [MainThread]: 
[0m23:16:40.481744 [info ] [MainThread]: Done. PASS=6 WARN=0 ERROR=0 SKIP=0 TOTAL=6
[0m23:16:40.525454 [debug] [MainThread]: Command `dbt run` succeeded at 23:16:40.523941 after 45.00 seconds
[0m23:16:40.531614 [debug] [MainThread]: Sending event: {'category': 'dbt', 'action': 'invocation', 'label': 'end', 'context': [<snowplow_tracker.self_describing_json.SelfDescribingJson object at 0x0000023C938071D0>, <snowplow_tracker.self_describing_json.SelfDescribingJson object at 0x0000023C938065D0>, <snowplow_tracker.self_describing_json.SelfDescribingJson object at 0x0000023C93855150>]}
[0m23:16:40.538658 [debug] [MainThread]: Flushing usage events
[0m23:32:20.953998 [debug] [MainThread]: Sending event: {'category': 'dbt', 'action': 'invocation', 'label': 'start', 'context': [<snowplow_tracker.self_describing_json.SelfDescribingJson object at 0x0000021D926D6AD0>, <snowplow_tracker.self_describing_json.SelfDescribingJson object at 0x0000021D926CE290>, <snowplow_tracker.self_describing_json.SelfDescribingJson object at 0x0000021D926CD950>]}


============================== 23:32:20.968846 | 45f4488e-53db-4789-b305-8f0ca1a0df76 ==============================
[0m23:32:20.968846 [info ] [MainThread]: Running with dbt=1.7.19
[0m23:32:20.972845 [debug] [MainThread]: running dbt with arguments {'printer_width': '80', 'indirect_selection': 'eager', 'write_json': 'True', 'log_cache_events': 'False', 'partial_parse': 'True', 'cache_selected_only': 'False', 'warn_error': 'None', 'fail_fast': 'False', 'version_check': 'True', 'log_path': 'C:\\Users\\usuario\\Desktop\\Data Project\\citypulse_analytics\\transformation\\logs', 'profiles_dir': 'C:\\Users\\usuario\\.dbt', 'debug': 'False', 'use_colors': 'True', 'use_experimental_parser': 'False', 'no_print': 'None', 'quiet': 'False', 'warn_error_options': 'WarnErrorOptions(include=[], exclude=[])', 'invocation_command': 'dbt run', 'log_format': 'default', 'introspect': 'True', 'target_path': 'None', 'static_parser': 'True', 'send_anonymous_usage_stats': 'True'}
[0m23:32:30.121002 [debug] [MainThread]: Sending event: {'category': 'dbt', 'action': 'project_id', 'label': '45f4488e-53db-4789-b305-8f0ca1a0df76', 'context': [<snowplow_tracker.self_describing_json.SelfDescribingJson object at 0x0000021DA4BD9510>]}
[0m23:32:30.327375 [debug] [MainThread]: Sending event: {'category': 'dbt', 'action': 'adapter_info', 'label': '45f4488e-53db-4789-b305-8f0ca1a0df76', 'context': [<snowplow_tracker.self_describing_json.SelfDescribingJson object at 0x0000021DA4B8B690>]}
[0m23:32:30.332865 [info ] [MainThread]: Registered adapter: bigquery=1.7.0
[0m23:32:30.366636 [debug] [MainThread]: checksum: a8d43cdff37d0f32d7fbe4c5c25bea4bb6c86e162f8ce8fdb1a38cdcf7495431, vars: {}, profile: , target: , version: 1.7.19
[0m23:32:30.665249 [debug] [MainThread]: Partial parsing enabled: 0 files deleted, 0 files added, 0 files changed.
[0m23:32:30.666976 [debug] [MainThread]: Partial parsing enabled, no changes found, skipping parsing
[0m23:32:30.687003 [debug] [MainThread]: Sending event: {'category': 'dbt', 'action': 'load_project', 'label': '45f4488e-53db-4789-b305-8f0ca1a0df76', 'context': [<snowplow_tracker.self_describing_json.SelfDescribingJson object at 0x0000021DA4D3BE10>]}
[0m23:32:30.726316 [debug] [MainThread]: Sending event: {'category': 'dbt', 'action': 'resource_counts', 'label': '45f4488e-53db-4789-b305-8f0ca1a0df76', 'context': [<snowplow_tracker.self_describing_json.SelfDescribingJson object at 0x0000021DA4C37DD0>]}
[0m23:32:30.729352 [info ] [MainThread]: Found 6 models, 13 tests, 3 sources, 0 exposures, 0 metrics, 448 macros, 0 groups, 0 semantic models
[0m23:32:30.730652 [debug] [MainThread]: Sending event: {'category': 'dbt', 'action': 'runnable_timing', 'label': '45f4488e-53db-4789-b305-8f0ca1a0df76', 'context': [<snowplow_tracker.self_describing_json.SelfDescribingJson object at 0x0000021DA2C5FFD0>]}
[0m23:32:30.739115 [info ] [MainThread]: 
[0m23:32:30.742980 [debug] [MainThread]: Acquiring new bigquery connection 'master'
[0m23:32:30.750619 [debug] [ThreadPool]: Acquiring new bigquery connection 'list_project-6c4733db-2f24-496d-90f'
[0m23:32:30.752751 [debug] [ThreadPool]: Opening a new connection, currently in state init
[0m23:32:39.778178 [debug] [ThreadPool]: Opening a new connection, currently in state closed
[0m23:32:41.154004 [debug] [ThreadPool]: Acquiring new bigquery connection 'list_project-6c4733db-2f24-496d-90f_citypulse_marts'
[0m23:32:41.157060 [debug] [ThreadPool]: Opening a new connection, currently in state init
[0m23:32:42.545985 [debug] [ThreadPool]: Re-using an available connection from the pool (formerly list_project-6c4733db-2f24-496d-90f_citypulse_marts, now list_project-6c4733db-2f24-496d-90f_citypulse_staging)
[0m23:32:42.550349 [debug] [ThreadPool]: Opening a new connection, currently in state closed
[0m23:32:43.941847 [debug] [MainThread]: Sending event: {'category': 'dbt', 'action': 'runnable_timing', 'label': '45f4488e-53db-4789-b305-8f0ca1a0df76', 'context': [<snowplow_tracker.self_describing_json.SelfDescribingJson object at 0x0000021DA2CDCF90>]}
[0m23:32:43.946846 [info ] [MainThread]: Concurrency: 1 threads (target='dev')
[0m23:32:43.949847 [info ] [MainThread]: 
[0m23:32:43.972213 [debug] [Thread-1 (]: Began running node model.citypulse.stg_air_quality
[0m23:32:43.976214 [info ] [Thread-1 (]: 1 of 6 START sql view model citypulse_staging.stg_air_quality .................. [RUN]
[0m23:32:43.980688 [debug] [Thread-1 (]: Acquiring new bigquery connection 'model.citypulse.stg_air_quality'
[0m23:32:43.984686 [debug] [Thread-1 (]: Began compiling node model.citypulse.stg_air_quality
[0m23:32:44.051689 [debug] [Thread-1 (]: Writing injected SQL for node "model.citypulse.stg_air_quality"
[0m23:32:44.062692 [debug] [Thread-1 (]: Timing info for model.citypulse.stg_air_quality (compile): 23:32:43.989687 => 23:32:44.058693
[0m23:32:44.065891 [debug] [Thread-1 (]: Began executing node model.citypulse.stg_air_quality
[0m23:32:44.188443 [debug] [Thread-1 (]: Writing runtime sql for node "model.citypulse.stg_air_quality"
[0m23:32:44.191474 [debug] [Thread-1 (]: Opening a new connection, currently in state init
[0m23:32:44.194836 [debug] [Thread-1 (]: On model.citypulse.stg_air_quality: /* {"app": "dbt", "dbt_version": "1.7.19", "profile_name": "citypulse", "target_name": "dev", "node_id": "model.citypulse.stg_air_quality"} */


  create or replace view `project-6c4733db-2f24-496d-90f`.`citypulse_staging`.`stg_air_quality`
  OPTIONS()
  as -- stg_air_quality.sql
-- Vista ligera sobre la tabla raw de calidad del aire.

with source as (
    select * from `project-6c4733db-2f24-496d-90f`.`citypulse_staging`.`air_quality`
),

staged as (
    select
        cast(timestamp as timestamp)        as timestamp,
        cast(date as date)                  as date,
        cast(pm2_5 as float64)              as pm2_5,
        cast(pm10 as float64)               as pm10,
        cast(ozone as float64)              as ozone,
        cast(us_aqi as int64)               as us_aqi,
        cast(aqi_category as string)        as aqi_category,
        cast(location as string)            as location
    from source
    where timestamp is not null
      and date is not null
)

select * from staged;


[0m23:32:45.755628 [debug] [Thread-1 (]: BigQuery adapter: https://console.cloud.google.com/bigquery?project=project-6c4733db-2f24-496d-90f&j=bq:us-central1:14a5959f-14ed-41a6-bcb0-875730112a17&page=queryresults
[0m23:32:46.456910 [debug] [Thread-1 (]: Timing info for model.citypulse.stg_air_quality (execute): 23:32:44.067890 => 23:32:46.455909
[0m23:32:46.462910 [debug] [Thread-1 (]: Sending event: {'category': 'dbt', 'action': 'run_model', 'label': '45f4488e-53db-4789-b305-8f0ca1a0df76', 'context': [<snowplow_tracker.self_describing_json.SelfDescribingJson object at 0x0000021DA4C1C490>]}
[0m23:32:46.465910 [info ] [Thread-1 (]: 1 of 6 OK created sql view model citypulse_staging.stg_air_quality ............. [[32mCREATE VIEW (0 processed)[0m in 2.48s]
[0m23:32:46.478910 [debug] [Thread-1 (]: Finished running node model.citypulse.stg_air_quality
[0m23:32:46.481914 [debug] [Thread-1 (]: Began running node model.citypulse.stg_citibike
[0m23:32:46.487915 [info ] [Thread-1 (]: 2 of 6 START sql view model citypulse_staging.stg_citibike ..................... [RUN]
[0m23:32:46.493915 [debug] [Thread-1 (]: Re-using an available connection from the pool (formerly model.citypulse.stg_air_quality, now model.citypulse.stg_citibike)
[0m23:32:46.496916 [debug] [Thread-1 (]: Began compiling node model.citypulse.stg_citibike
[0m23:32:46.513914 [debug] [Thread-1 (]: Writing injected SQL for node "model.citypulse.stg_citibike"
[0m23:32:46.519914 [debug] [Thread-1 (]: Timing info for model.citypulse.stg_citibike (compile): 23:32:46.499914 => 23:32:46.517916
[0m23:32:46.523918 [debug] [Thread-1 (]: Began executing node model.citypulse.stg_citibike
[0m23:32:46.542915 [debug] [Thread-1 (]: Writing runtime sql for node "model.citypulse.stg_citibike"
[0m23:32:46.547916 [debug] [Thread-1 (]: Opening a new connection, currently in state closed
[0m23:32:46.552916 [debug] [Thread-1 (]: On model.citypulse.stg_citibike: /* {"app": "dbt", "dbt_version": "1.7.19", "profile_name": "citypulse", "target_name": "dev", "node_id": "model.citypulse.stg_citibike"} */


  create or replace view `project-6c4733db-2f24-496d-90f`.`citypulse_staging`.`stg_citibike`
  OPTIONS()
  as -- stg_citibike.sql
-- Vista ligera sobre la tabla raw de Citibike.

with source as (
    select * from `project-6c4733db-2f24-496d-90f`.`citypulse_staging`.`citibike`
),

staged as (
    select
        cast(ride_id as string)               as ride_id,
        cast(rideable_type as string)         as rideable_type,
        cast(started_at as timestamp)         as started_at,
        cast(ended_at as timestamp)           as ended_at,
        cast(start_station_name as string)    as start_station_name,
        cast(end_station_name as string)      as end_station_name,
        cast(start_lat as float64)            as start_lat,
        cast(start_lng as float64)            as start_lng,
        cast(end_lat as float64)              as end_lat,
        cast(end_lng as float64)              as end_lng,
        cast(member_casual as string)         as member_casual,
        cast(duration_minutes as float64)     as duration_minutes,
        cast(year as int64)                   as year,
        cast(month as int64)                  as month
    from source
    where started_at is not null
      and duration_minutes > 0
)

select * from staged;


[0m23:32:48.066135 [debug] [Thread-1 (]: BigQuery adapter: https://console.cloud.google.com/bigquery?project=project-6c4733db-2f24-496d-90f&j=bq:us-central1:3706d3af-434d-4860-8540-9ccf983b6f66&page=queryresults
[0m23:32:48.478120 [debug] [Thread-1 (]: Timing info for model.citypulse.stg_citibike (execute): 23:32:46.525917 => 23:32:48.477105
[0m23:32:48.482146 [debug] [Thread-1 (]: Sending event: {'category': 'dbt', 'action': 'run_model', 'label': '45f4488e-53db-4789-b305-8f0ca1a0df76', 'context': [<snowplow_tracker.self_describing_json.SelfDescribingJson object at 0x0000021DA4DDAD50>]}
[0m23:32:48.485146 [info ] [Thread-1 (]: 2 of 6 OK created sql view model citypulse_staging.stg_citibike ................ [[32mCREATE VIEW (0 processed)[0m in 1.99s]
[0m23:32:48.489148 [debug] [Thread-1 (]: Finished running node model.citypulse.stg_citibike
[0m23:32:48.491146 [debug] [Thread-1 (]: Began running node model.citypulse.stg_weather
[0m23:32:48.494147 [info ] [Thread-1 (]: 3 of 6 START sql view model citypulse_staging.stg_weather ...................... [RUN]
[0m23:32:48.497514 [debug] [Thread-1 (]: Re-using an available connection from the pool (formerly model.citypulse.stg_citibike, now model.citypulse.stg_weather)
[0m23:32:48.500514 [debug] [Thread-1 (]: Began compiling node model.citypulse.stg_weather
[0m23:32:48.549517 [debug] [Thread-1 (]: Writing injected SQL for node "model.citypulse.stg_weather"
[0m23:32:48.555518 [debug] [Thread-1 (]: Timing info for model.citypulse.stg_weather (compile): 23:32:48.502514 => 23:32:48.553516
[0m23:32:48.557518 [debug] [Thread-1 (]: Began executing node model.citypulse.stg_weather
[0m23:32:48.573516 [debug] [Thread-1 (]: Writing runtime sql for node "model.citypulse.stg_weather"
[0m23:32:48.579394 [debug] [Thread-1 (]: Opening a new connection, currently in state closed
[0m23:32:48.582444 [debug] [Thread-1 (]: On model.citypulse.stg_weather: /* {"app": "dbt", "dbt_version": "1.7.19", "profile_name": "citypulse", "target_name": "dev", "node_id": "model.citypulse.stg_weather"} */


  create or replace view `project-6c4733db-2f24-496d-90f`.`citypulse_staging`.`stg_weather`
  OPTIONS()
  as -- stg_weather.sql
-- Vista ligera sobre la tabla raw de clima.

with source as (
    select * from `project-6c4733db-2f24-496d-90f`.`citypulse_staging`.`weather`
),

staged as (
    select
        cast(timestamp as timestamp)      as timestamp,
        cast(date as date)                as date,
        cast(temperature_c as float64)    as temperature_c,
        cast(precipitation_mm as float64) as precipitation_mm,
        cast(wind_speed_kmh as float64)   as wind_speed_kmh,
        cast(humidity_pct as float64)     as humidity_pct,
        cast(location as string)          as location
    from source
    where timestamp is not null
      and date is not null
)

select * from staged;


[0m23:32:50.121274 [debug] [Thread-1 (]: BigQuery adapter: https://console.cloud.google.com/bigquery?project=project-6c4733db-2f24-496d-90f&j=bq:us-central1:092b583b-5712-411e-afdb-811bb77dc459&page=queryresults
[0m23:32:50.565789 [debug] [Thread-1 (]: Timing info for model.citypulse.stg_weather (execute): 23:32:48.562521 => 23:32:50.564745
[0m23:32:50.568815 [debug] [Thread-1 (]: Sending event: {'category': 'dbt', 'action': 'run_model', 'label': '45f4488e-53db-4789-b305-8f0ca1a0df76', 'context': [<snowplow_tracker.self_describing_json.SelfDescribingJson object at 0x0000021DA4E188D0>]}
[0m23:32:50.572815 [info ] [Thread-1 (]: 3 of 6 OK created sql view model citypulse_staging.stg_weather ................. [[32mCREATE VIEW (0 processed)[0m in 2.07s]
[0m23:32:50.576817 [debug] [Thread-1 (]: Finished running node model.citypulse.stg_weather
[0m23:32:50.578958 [debug] [Thread-1 (]: Began running node model.citypulse.daily_air_quality_summary
[0m23:32:50.581984 [info ] [Thread-1 (]: 4 of 6 START sql table model citypulse_marts.daily_air_quality_summary ......... [RUN]
[0m23:32:50.585153 [debug] [Thread-1 (]: Re-using an available connection from the pool (formerly model.citypulse.stg_weather, now model.citypulse.daily_air_quality_summary)
[0m23:32:50.586153 [debug] [Thread-1 (]: Began compiling node model.citypulse.daily_air_quality_summary
[0m23:32:50.586153 [debug] [Thread-1 (]: Writing injected SQL for node "model.citypulse.daily_air_quality_summary"
[0m23:32:50.601843 [debug] [Thread-1 (]: Timing info for model.citypulse.daily_air_quality_summary (compile): 23:32:50.586153 => 23:32:50.600100
[0m23:32:50.603854 [debug] [Thread-1 (]: Began executing node model.citypulse.daily_air_quality_summary
[0m23:32:50.727087 [debug] [Thread-1 (]: Opening a new connection, currently in state closed
[0m23:32:52.430393 [debug] [Thread-1 (]: Writing runtime sql for node "model.citypulse.daily_air_quality_summary"
[0m23:32:52.438794 [debug] [Thread-1 (]: On model.citypulse.daily_air_quality_summary: /* {"app": "dbt", "dbt_version": "1.7.19", "profile_name": "citypulse", "target_name": "dev", "node_id": "model.citypulse.daily_air_quality_summary"} */

  
    

    create or replace table `project-6c4733db-2f24-496d-90f`.`citypulse_marts`.`daily_air_quality_summary`
      
    
    

    OPTIONS()
    as (
      -- daily_air_quality_summary.sql
-- Resumen diario de calidad del aire para NYC.
-- Una fila por día con métricas agregadas y distribución de categorías AQI.

with daily as (
    select
        date,
        location,

        -- Métricas principales
        round(avg(pm2_5), 2)    as pm2_5_avg,
        round(max(pm2_5), 2)    as pm2_5_max,
        round(avg(pm10), 2)     as pm10_avg,
        round(avg(ozone), 2)    as ozone_avg,
        round(avg(us_aqi), 0)   as aqi_avg,
        max(us_aqi)             as aqi_max,

        -- Categoría dominante del día — la que más horas ocupa
        approx_top_count(aqi_category, 1)[offset(0)].value as aqi_dominant_category,

        -- Horas en cada categoría — útil para el dashboard
        countif(aqi_category = 'Good')                          as hours_good,
        countif(aqi_category = 'Moderate')                      as hours_moderate,
        countif(aqi_category = 'Unhealthy for Sensitive Groups') as hours_unhealthy_sensitive,
        countif(aqi_category = 'Unhealthy')                     as hours_unhealthy,
        countif(aqi_category = 'Very Unhealthy')                as hours_very_unhealthy,
        countif(aqi_category = 'Hazardous')                     as hours_hazardous

    from `project-6c4733db-2f24-496d-90f`.`citypulse_staging`.`stg_air_quality`
    group by date, location
)

select * from daily
order by date desc
    );
  
[0m23:32:53.579430 [debug] [Thread-1 (]: BigQuery adapter: https://console.cloud.google.com/bigquery?project=project-6c4733db-2f24-496d-90f&j=bq:us-central1:dc3f9c99-4310-4f78-bc7a-b1ec248abc1d&page=queryresults
[0m23:33:00.139638 [debug] [Thread-1 (]: Timing info for model.citypulse.daily_air_quality_summary (execute): 23:32:50.607676 => 23:33:00.137197
[0m23:33:00.144808 [debug] [Thread-1 (]: Sending event: {'category': 'dbt', 'action': 'run_model', 'label': '45f4488e-53db-4789-b305-8f0ca1a0df76', 'context': [<snowplow_tracker.self_describing_json.SelfDescribingJson object at 0x0000021DA4F7BC90>]}
[0m23:33:00.148742 [info ] [Thread-1 (]: 4 of 6 OK created sql table model citypulse_marts.daily_air_quality_summary .... [[32mCREATE TABLE (3.0 rows, 4.9 KiB processed)[0m in 9.56s]
[0m23:33:00.154920 [debug] [Thread-1 (]: Finished running node model.citypulse.daily_air_quality_summary
[0m23:33:00.160113 [debug] [Thread-1 (]: Began running node model.citypulse.daily_mobility_summary
[0m23:33:00.169593 [info ] [Thread-1 (]: 5 of 6 START sql table model citypulse_marts.daily_mobility_summary ............ [RUN]
[0m23:33:00.176509 [debug] [Thread-1 (]: Re-using an available connection from the pool (formerly model.citypulse.daily_air_quality_summary, now model.citypulse.daily_mobility_summary)
[0m23:33:00.180639 [debug] [Thread-1 (]: Began compiling node model.citypulse.daily_mobility_summary
[0m23:33:00.214315 [debug] [Thread-1 (]: Writing injected SQL for node "model.citypulse.daily_mobility_summary"
[0m23:33:00.227320 [debug] [Thread-1 (]: Timing info for model.citypulse.daily_mobility_summary (compile): 23:33:00.183641 => 23:33:00.224318
[0m23:33:00.234442 [debug] [Thread-1 (]: Began executing node model.citypulse.daily_mobility_summary
[0m23:33:00.250189 [debug] [Thread-1 (]: Opening a new connection, currently in state closed
[0m23:33:01.945778 [debug] [Thread-1 (]: Writing runtime sql for node "model.citypulse.daily_mobility_summary"
[0m23:33:01.951031 [debug] [Thread-1 (]: On model.citypulse.daily_mobility_summary: /* {"app": "dbt", "dbt_version": "1.7.19", "profile_name": "citypulse", "target_name": "dev", "node_id": "model.citypulse.daily_mobility_summary"} */

  
    

    create or replace table `project-6c4733db-2f24-496d-90f`.`citypulse_marts`.`daily_mobility_summary`
      
    
    

    OPTIONS()
    as (
      -- daily_mobility_summary.sql
-- Resumen diario de movilidad en Citibike NYC.
-- Una fila por día con métricas de uso agregadas desde los viajes individuales.

with daily as (
    select
        date(started_at)                        as date,
        year,
        month,

        -- Volumen
        count(*)                                as total_rides,
        count(distinct start_station_name)      as active_start_stations,
        count(distinct end_station_name)        as active_end_stations,

        -- Duración
        round(avg(duration_minutes), 2)         as duration_avg_min,
        round(min(duration_minutes), 2)         as duration_min_min,
        round(max(duration_minutes), 2)         as duration_max_min,

        -- Tipo de usuario
        countif(member_casual = 'member')       as rides_member,
        countif(member_casual = 'casual')       as rides_casual,
        round(
            countif(member_casual = 'member') * 100.0 / count(*), 2
        )                                       as pct_member,

        -- Tipo de bicicleta
        countif(rideable_type = 'electric_bike') as rides_electric,
        countif(rideable_type = 'classic_bike')  as rides_classic,
        round(
            countif(rideable_type = 'electric_bike') * 100.0 / count(*), 2
        )                                        as pct_electric

    from `project-6c4733db-2f24-496d-90f`.`citypulse_staging`.`stg_citibike`
    group by date(started_at), year, month
)

select * from daily
order by date desc
    );
  
[0m23:33:02.571901 [debug] [Thread-1 (]: BigQuery adapter: https://console.cloud.google.com/bigquery?project=project-6c4733db-2f24-496d-90f&j=bq:us-central1:fd6d07a5-17ae-497f-8634-11a7f6b87861&page=queryresults
[0m23:33:05.157266 [debug] [Thread-1 (]: Timing info for model.citypulse.daily_mobility_summary (execute): 23:33:00.240979 => 23:33:05.157266
[0m23:33:05.161285 [debug] [Thread-1 (]: Sending event: {'category': 'dbt', 'action': 'run_model', 'label': '45f4488e-53db-4789-b305-8f0ca1a0df76', 'context': [<snowplow_tracker.self_describing_json.SelfDescribingJson object at 0x0000021DA4C1FBD0>]}
[0m23:33:05.165044 [info ] [Thread-1 (]: 5 of 6 OK created sql table model citypulse_marts.daily_mobility_summary ....... [[32mCREATE TABLE (82.0 rows, 209.4 MiB processed)[0m in 4.99s]
[0m23:33:05.173080 [debug] [Thread-1 (]: Finished running node model.citypulse.daily_mobility_summary
[0m23:33:05.175089 [debug] [Thread-1 (]: Began running node model.citypulse.daily_weather_summary
[0m23:33:05.177097 [info ] [Thread-1 (]: 6 of 6 START sql table model citypulse_marts.daily_weather_summary ............. [RUN]
[0m23:33:05.184876 [debug] [Thread-1 (]: Re-using an available connection from the pool (formerly model.citypulse.daily_mobility_summary, now model.citypulse.daily_weather_summary)
[0m23:33:05.186887 [debug] [Thread-1 (]: Began compiling node model.citypulse.daily_weather_summary
[0m23:33:05.216894 [debug] [Thread-1 (]: Writing injected SQL for node "model.citypulse.daily_weather_summary"
[0m23:33:05.233649 [debug] [Thread-1 (]: Timing info for model.citypulse.daily_weather_summary (compile): 23:33:05.188898 => 23:33:05.231639
[0m23:33:05.237669 [debug] [Thread-1 (]: Began executing node model.citypulse.daily_weather_summary
[0m23:33:05.265712 [debug] [Thread-1 (]: Opening a new connection, currently in state closed
[0m23:33:07.046185 [debug] [Thread-1 (]: Writing runtime sql for node "model.citypulse.daily_weather_summary"
[0m23:33:07.050911 [debug] [Thread-1 (]: On model.citypulse.daily_weather_summary: /* {"app": "dbt", "dbt_version": "1.7.19", "profile_name": "citypulse", "target_name": "dev", "node_id": "model.citypulse.daily_weather_summary"} */

  
    

    create or replace table `project-6c4733db-2f24-496d-90f`.`citypulse_marts`.`daily_weather_summary`
      
    
    

    OPTIONS()
    as (
      -- daily_weather_summary.sql
-- Resumen diario de clima para NYC.
-- Una fila por día con las métricas agregadas desde los datos horarios.

with daily as (
    select
        date,
        location,

        -- Temperatura
        round(avg(temperature_c), 2)    as temp_avg_c,
        round(min(temperature_c), 2)    as temp_min_c,
        round(max(temperature_c), 2)    as temp_max_c,

        -- Precipitación — sumamos las horas para obtener el total del día
        round(sum(precipitation_mm), 2) as precipitation_total_mm,

        -- Viento
        round(avg(wind_speed_kmh), 2)   as wind_avg_kmh,
        round(max(wind_speed_kmh), 2)   as wind_max_kmh,

        -- Humedad
        round(avg(humidity_pct), 2)     as humidity_avg_pct

    from `project-6c4733db-2f24-496d-90f`.`citypulse_staging`.`stg_weather`
    group by date, location
)

select * from daily
order by date desc
    );
  
[0m23:33:07.699272 [debug] [Thread-1 (]: BigQuery adapter: https://console.cloud.google.com/bigquery?project=project-6c4733db-2f24-496d-90f&j=bq:us-central1:4fc0c9c0-6013-4bc8-8d2c-c6c7ff362df8&page=queryresults
[0m23:33:09.515457 [debug] [Thread-1 (]: Timing info for model.citypulse.daily_weather_summary (execute): 23:33:05.239678 => 23:33:09.513999
[0m23:33:09.521885 [debug] [Thread-1 (]: Sending event: {'category': 'dbt', 'action': 'run_model', 'label': '45f4488e-53db-4789-b305-8f0ca1a0df76', 'context': [<snowplow_tracker.self_describing_json.SelfDescribingJson object at 0x0000021DA4F2F610>]}
[0m23:33:09.525887 [info ] [Thread-1 (]: 6 of 6 OK created sql table model citypulse_marts.daily_weather_summary ........ [[32mCREATE TABLE (4.0 rows, 5.0 KiB processed)[0m in 4.34s]
[0m23:33:09.530636 [debug] [Thread-1 (]: Finished running node model.citypulse.daily_weather_summary
[0m23:33:09.540982 [debug] [MainThread]: Connection 'master' was properly closed.
[0m23:33:09.546293 [debug] [MainThread]: Connection 'list_project-6c4733db-2f24-496d-90f' was properly closed.
[0m23:33:09.549775 [debug] [MainThread]: Connection 'list_project-6c4733db-2f24-496d-90f_citypulse_staging' was properly closed.
[0m23:33:09.559506 [debug] [MainThread]: Connection 'model.citypulse.daily_weather_summary' was properly closed.
[0m23:33:09.563505 [info ] [MainThread]: 
[0m23:33:09.567046 [info ] [MainThread]: Finished running 3 view models, 3 table models in 0 hours 0 minutes and 38.82 seconds (38.82s).
[0m23:33:09.577838 [debug] [MainThread]: Command end result
[0m23:33:09.625449 [info ] [MainThread]: 
[0m23:33:09.627981 [info ] [MainThread]: [32mCompleted successfully[0m
[0m23:33:09.631037 [info ] [MainThread]: 
[0m23:33:09.633492 [info ] [MainThread]: Done. PASS=6 WARN=0 ERROR=0 SKIP=0 TOTAL=6
[0m23:33:09.638964 [debug] [MainThread]: Command `dbt run` succeeded at 23:33:09.638964 after 48.91 seconds
[0m23:33:09.642344 [debug] [MainThread]: Sending event: {'category': 'dbt', 'action': 'invocation', 'label': 'end', 'context': [<snowplow_tracker.self_describing_json.SelfDescribingJson object at 0x0000021D92513A50>, <snowplow_tracker.self_describing_json.SelfDescribingJson object at 0x0000021D926C5E90>, <snowplow_tracker.self_describing_json.SelfDescribingJson object at 0x0000021D9270FA90>]}
[0m23:33:09.645827 [debug] [MainThread]: Flushing usage events
